,epitope,epitope_gene,epitope_species,species,cdr3b,mhc,source,label,sentence
LSLRNPILV_CASDLGGKDTQYF,LSLRNPILV,F2,IAV,mouse,CASDLGGKDTQYF,H2-Db,Dash,1,"[2, 15, 22, 15, 21, 17, 19, 13, 15, 25, 3, 2, 7, 5, 22, 8, 15, 11, 11, 14, 8, 23, 20, 28, 10, 3, 0, 0, 0, 0, 0, 0, 0, 0, 0, 0, 0, 0, 0, 0]"
LPRRSGAAGA_CASSFSTSGRAFVNEQFF,LPRRSGAAGA,,Influenza,Human,CASSFSTSGRAFVNEQFF,HLA-B7,McPAS,1,"[2, 15, 19, 21, 21, 22, 11, 5, 5, 11, 5, 3, 2, 7, 5, 22, 22, 10, 22, 23, 22, 11, 21, 5, 10, 25, 17, 9, 20, 10, 10, 3, 0, 0, 0, 0, 0, 0, 0, 0]"
FRCPRRFCF_CASSSTGVGSSYNEQFF,FRCPRRFCF,,Cytomegalovirus (CMV),Human,CASSSTGVGSSYNEQFF,HLA-C*07:02,Control,0,"[2, 10, 21, 7, 19, 21, 21, 10, 7, 10, 3, 2, 7, 5, 22, 22, 22, 23, 11, 25, 11, 22, 22, 28, 17, 9, 20, 10, 10, 3, 0, 0, 0, 0, 0, 0, 0, 0, 0, 0]"
GILGFVFTL_CASSIMALGQPQHF,GILGFVFTL,M,InfluenzaA,HomoSapiens,CASSIMALGQPQHF,HLA-A*02,Control,0,"[2, 11, 13, 15, 11, 10, 25, 10, 23, 15, 3, 2, 7, 5, 22, 22, 13, 16, 5, 15, 11, 20, 19, 20, 12, 10, 3, 0, 0, 0, 0, 0, 0, 0, 0, 0, 0, 0, 0, 0]"
LSLRNPILV_CASSWGANSPLHF,LSLRNPILV,,Influenza,Mouse,CASSWGANSPLHF,H-2b,McPAS,1,"[2, 15, 22, 15, 21, 17, 19, 13, 15, 25, 3, 2, 7, 5, 22, 22, 26, 11, 5, 17, 22, 19, 15, 12, 10, 3, 0, 0, 0, 0, 0, 0, 0, 0, 0, 0, 0, 0, 0, 0]"
VTEHDTLLY_CASSWTGPSYEQYF,VTEHDTLLY,pp50,CMV,HomoSapiens,CASSWTGPSYEQYF,HLA-A*01:01,VDJdb,1,"[2, 25, 23, 9, 12, 8, 23, 15, 15, 28, 3, 2, 7, 5, 22, 22, 26, 23, 11, 19, 22, 28, 9, 20, 28, 10, 3, 0, 0, 0, 0, 0, 0, 0, 0, 0, 0, 0, 0, 0]"
KAFSPEVIPMF_CASSPRGGNEQFF,KAFSPEVIPMF,,Human immunodeficiency virus (HIV),Human,CASSPRGGNEQFF,HLA-B*57:01,Control,0,"[2, 14, 5, 10, 22, 19, 9, 25, 13, 19, 16, 10, 3, 2, 7, 5, 22, 22, 19, 21, 11, 11, 17, 9, 20, 10, 10, 3, 0, 0, 0, 0, 0, 0, 0, 0, 0, 0, 0, 0]"
NLVPMVATV_CASSVAGSATGELF,NLVPMVATV,,Cytomegalovirus (CMV),Human,CASSVAGSATGELF,HLA-A*02:01,McPAS,1,"[2, 17, 15, 25, 19, 16, 25, 5, 23, 25, 3, 2, 7, 5, 22, 22, 25, 5, 11, 22, 5, 23, 11, 9, 15, 10, 3, 0, 0, 0, 0, 0, 0, 0, 0, 0, 0, 0, 0, 0]"
LPRRSGAAGA_CASSLPQATGSGANVLTF,LPRRSGAAGA,,Influenza,Human,CASSLPQATGSGANVLTF,HLA-B7,Control,0,"[2, 15, 19, 21, 21, 22, 11, 5, 5, 11, 5, 3, 2, 7, 5, 22, 22, 15, 19, 20, 5, 23, 11, 22, 11, 5, 17, 25, 15, 23, 10, 3, 0, 0, 0, 0, 0, 0, 0, 0]"
YMLDLQPET_CASSLFPDSIGYTF,YMLDLQPET,,Graft Vs Host Disease,Mouse,CASSLFPDSIGYTF,H-2d/b,Control,0,"[2, 28, 16, 15, 8, 15, 20, 19, 9, 23, 3, 2, 7, 5, 22, 22, 15, 10, 19, 8, 22, 13, 11, 28, 23, 10, 3, 0, 0, 0, 0, 0, 0, 0, 0, 0, 0, 0, 0, 0]"
VTEHDTLLY_CASTQEPGELFF,VTEHDTLLY,,Cytomegalovirus (CMV),Human,CASTQEPGELFF,HLA-A1,McPAS,1,"[2, 25, 23, 9, 12, 8, 23, 15, 15, 28, 3, 2, 7, 5, 22, 23, 20, 9, 19, 11, 9, 15, 10, 10, 3, 0, 0, 0, 0, 0, 0, 0, 0, 0, 0, 0, 0, 0, 0, 0]"
LPRRSGAAGA_CASSRSYEQYF,LPRRSGAAGA,,Influenza,Human,CASSRSYEQYF,HLA-B7,Control,0,"[2, 15, 19, 21, 21, 22, 11, 5, 5, 11, 5, 3, 2, 7, 5, 22, 22, 21, 22, 28, 9, 20, 28, 10, 3, 0, 0, 0, 0, 0, 0, 0, 0, 0, 0, 0, 0, 0, 0, 0]"
SSLENFRAYV_CASSGPEVFF,SSLENFRAYV,PA,IAV,mouse,CASSGPEVFF,H2-Db,Dash,1,"[2, 22, 22, 15, 9, 17, 10, 21, 5, 28, 25, 3, 2, 7, 5, 22, 22, 11, 19, 9, 25, 10, 10, 3, 0, 0, 0, 0, 0, 0, 0, 0, 0, 0, 0, 0, 0, 0, 0, 0]"
GTSGSPIVNR_CASSLGGQTYEQYF,GTSGSPIVNR,NS3,DENV1,HomoSapiens,CASSLGGQTYEQYF,HLA-A*11:01,VDJdb,1,"[2, 11, 23, 22, 11, 22, 19, 13, 25, 17, 21, 3, 2, 7, 5, 22, 22, 15, 11, 11, 20, 23, 28, 9, 20, 28, 10, 3, 0, 0, 0, 0, 0, 0, 0, 0, 0, 0, 0, 0]"
LPRRSGAAGA_CASSLINTEAFF,LPRRSGAAGA,,Influenza,Human,CASSLINTEAFF,HLA-B7,McPAS,1,"[2, 15, 19, 21, 21, 22, 11, 5, 5, 11, 5, 3, 2, 7, 5, 22, 22, 15, 13, 17, 23, 9, 5, 10, 10, 3, 0, 0, 0, 0, 0, 0, 0, 0, 0, 0, 0, 0, 0, 0]"
GILGFVFTL_CASSYTLPGTVPQRNQPQHF,GILGFVFTL,M,InfluenzaA,HomoSapiens,CASSYTLPGTVPQRNQPQHF,HLA-A*02:01,VDJdb,1,"[2, 11, 13, 15, 11, 10, 25, 10, 23, 15, 3, 2, 7, 5, 22, 22, 28, 23, 15, 19, 11, 23, 25, 19, 20, 21, 17, 20, 19, 20, 12, 10, 3, 0, 0, 0, 0, 0, 0, 0]"
TTPESANL_CASRWTGGNSPLYF,TTPESANL,Tat,SIV,MacacaMulatta,CASRWTGGNSPLYF,Mamu-A*01,VDJdb,1,"[2, 23, 23, 19, 9, 22, 5, 17, 15, 3, 2, 7, 5, 22, 21, 26, 23, 11, 11, 17, 22, 19, 15, 28, 10, 3, 0, 0, 0, 0, 0, 0, 0, 0, 0, 0, 0, 0, 0, 0]"
RPHERNGFTVL_CASSLEGYGYTF,RPHERNGFTVL,,Cytomegalovirus (CMV),Human,CASSLEGYGYTF,HLA-B*07:02,McPAS,1,"[2, 21, 19, 12, 9, 21, 17, 11, 10, 23, 25, 15, 3, 2, 7, 5, 22, 22, 15, 9, 11, 28, 11, 28, 23, 10, 3, 0, 0, 0, 0, 0, 0, 0, 0, 0, 0, 0, 0, 0]"
RALEYKNL_CASSLDSGDTEVFF,RALEYKNL,IE3,MCMV,MusMusculus,CASSLDSGDTEVFF,H-2Kb,VDJdb,1,"[2, 21, 5, 15, 9, 28, 14, 17, 15, 3, 2, 7, 5, 22, 22, 15, 8, 22, 11, 8, 23, 9, 25, 10, 10, 3, 0, 0, 0, 0, 0, 0, 0, 0, 0, 0, 0, 0, 0, 0]"
LPPIVAKEI_CASSGTSLSSYEQYF,LPPIVAKEI,Pol,HIV-1,HomoSapiens,CASSGTSLSSYEQYF,HLA-B*42:01,Control,0,"[2, 15, 19, 19, 13, 25, 5, 14, 9, 13, 3, 2, 7, 5, 22, 22, 11, 23, 22, 15, 22, 22, 28, 9, 20, 28, 10, 3, 0, 0, 0, 0, 0, 0, 0, 0, 0, 0, 0, 0]"
RPPIFIRRL_CASSWSLRSRNEQFF,RPPIFIRRL,EBNA3A,EBV,HomoSapiens,CASSWSLRSRNEQFF,HLA-B*07:02,Control,0,"[2, 21, 19, 19, 13, 10, 13, 21, 21, 15, 3, 2, 7, 5, 22, 22, 26, 22, 15, 21, 22, 21, 17, 9, 20, 10, 10, 3, 0, 0, 0, 0, 0, 0, 0, 0, 0, 0, 0, 0]"
GILGFVFTL_CASSYRGSVYNSPLHF,GILGFVFTL,,Influenza,Human,CASSYRGSVYNSPLHF,HLA-A2,McPAS,1,"[2, 11, 13, 15, 11, 10, 25, 10, 23, 15, 3, 2, 7, 5, 22, 22, 28, 21, 11, 22, 25, 28, 17, 22, 19, 15, 12, 10, 3, 0, 0, 0, 0, 0, 0, 0, 0, 0, 0, 0]"
RAKFKQLL_CASSLGTGHNEQF,RAKFKQLL,,Epstein Barr virus (EBV),Human,CASSLGTGHNEQF,HLA-B*08:01,McPAS,1,"[2, 21, 5, 14, 10, 14, 20, 15, 15, 3, 2, 7, 5, 22, 22, 15, 11, 23, 11, 12, 17, 9, 20, 10, 3, 0, 0, 0, 0, 0, 0, 0, 0, 0, 0, 0, 0, 0, 0, 0]"
IVTDFSVIK_CSVPGQGDEQYF,IVTDFSVIK,,Epstein Barr virus (EBV),Human,CSVPGQGDEQYF,HLA-A*11:01,Control,0,"[2, 13, 25, 23, 8, 10, 22, 25, 13, 14, 3, 2, 7, 22, 25, 19, 11, 20, 11, 8, 9, 20, 28, 10, 3, 0, 0, 0, 0, 0, 0, 0, 0, 0, 0, 0, 0, 0, 0, 0]"
LPRRSGAAGA_CASSDPLAGLETQYF,LPRRSGAAGA,,Influenza,Human,CASSDPLAGLETQYF,HLA-B7,Control,0,"[2, 15, 19, 21, 21, 22, 11, 5, 5, 11, 5, 3, 2, 7, 5, 22, 22, 8, 19, 15, 5, 11, 15, 9, 23, 20, 28, 10, 3, 0, 0, 0, 0, 0, 0, 0, 0, 0, 0, 0]"
KRWIIMGLNK_CAISRVMSYEQYF,KRWIIMGLNK,Gag,HIV-1,HomoSapiens,CAISRVMSYEQYF,HLA-B*27:05,Control,0,"[2, 14, 21, 26, 13, 13, 16, 11, 15, 17, 14, 3, 2, 7, 5, 13, 22, 21, 25, 16, 22, 28, 9, 20, 28, 10, 3, 0, 0, 0, 0, 0, 0, 0, 0, 0, 0, 0, 0, 0]"
RPPIFIRRL_CASSLGGQSTGELFF,RPPIFIRRL,EBNA3A,EBV,HomoSapiens,CASSLGGQSTGELFF,HLA-B*07:02,Control,0,"[2, 21, 19, 19, 13, 10, 13, 21, 21, 15, 3, 2, 7, 5, 22, 22, 15, 11, 11, 20, 22, 23, 11, 9, 15, 10, 10, 3, 0, 0, 0, 0, 0, 0, 0, 0, 0, 0, 0, 0]"
RDAMDRIF_CASRNWGGSQNTLYF,RDAMDRIF,,Herpes simplex virus 1 (HSV1),Mouse,CASRNWGGSQNTLYF,H-2bxH-2z,McPAS,1,"[2, 21, 8, 5, 16, 8, 21, 13, 10, 3, 2, 7, 5, 22, 21, 17, 26, 11, 11, 22, 20, 17, 23, 15, 28, 10, 3, 0, 0, 0, 0, 0, 0, 0, 0, 0, 0, 0, 0, 0]"
HPKVSSEVHI_CASRGADTGELFF,HPKVSSEVHI,Vif,HIV-1,HomoSapiens,CASRGADTGELFF,HLA-B*42:01,VDJdb,1,"[2, 12, 19, 14, 25, 22, 22, 9, 25, 12, 13, 3, 2, 7, 5, 22, 21, 11, 5, 8, 23, 11, 9, 15, 10, 10, 3, 0, 0, 0, 0, 0, 0, 0, 0, 0, 0, 0, 0, 0]"
RPHERNGFTVL_CASSLTSEYPTDTQYF,RPHERNGFTVL,,Cytomegalovirus (CMV),Human,CASSLTSEYPTDTQYF,HLA-B*07:02,McPAS,1,"[2, 21, 19, 12, 9, 21, 17, 11, 10, 23, 25, 15, 3, 2, 7, 5, 22, 22, 15, 23, 22, 9, 28, 19, 23, 8, 23, 20, 28, 10, 3, 0, 0, 0, 0, 0, 0, 0, 0, 0]"
KRWIILGLNK_CASSDSAGEGDEQFF,KRWIILGLNK,,Human immunodeficiency virus (HIV),Human,CASSDSAGEGDEQFF,HLA-B*27:05,Control,0,"[2, 14, 21, 26, 13, 13, 15, 11, 15, 17, 14, 3, 2, 7, 5, 22, 22, 8, 22, 5, 11, 9, 11, 8, 9, 20, 10, 10, 3, 0, 0, 0, 0, 0, 0, 0, 0, 0, 0, 0]"
LLWNGPMAV_CASSQGFKTTGTSGRPYSYNEQFF,LLWNGPMAV,,Yellow fever virus,Human,CASSQGFKTTGTSGRPYSYNEQFF,HLA-A*02:01,Control,0,"[2, 15, 15, 26, 17, 11, 19, 16, 5, 25, 3, 2, 7, 5, 22, 22, 20, 11, 10, 14, 23, 23, 11, 23, 22, 11, 21, 19, 28, 22, 28, 17, 9, 20, 10, 10, 3, 0, 0, 0]"
LPRRSGAAGA_CASSLRGGTAYNEQFF,LPRRSGAAGA,,Influenza,Human,CASSLRGGTAYNEQFF,HLA-B7,Control,0,"[2, 15, 19, 21, 21, 22, 11, 5, 5, 11, 5, 3, 2, 7, 5, 22, 22, 15, 21, 11, 11, 23, 5, 28, 17, 9, 20, 10, 10, 3, 0, 0, 0, 0, 0, 0, 0, 0, 0, 0]"
KLVALGINAV_CASSLFRDSLYEQYF,KLVALGINAV,NS3,HCV,HomoSapiens,CASSLFRDSLYEQYF,HLA-A*02,Control,0,"[2, 14, 15, 25, 5, 15, 11, 13, 17, 5, 25, 3, 2, 7, 5, 22, 22, 15, 10, 21, 8, 22, 15, 28, 9, 20, 28, 10, 3, 0, 0, 0, 0, 0, 0, 0, 0, 0, 0, 0]"
GILGFVFTL_CAVTRNPGDSNYQLIW,GILGFVFTL,,Influenza,Human,CAVTRNPGDSNYQLIW,HLA-A*02:01,McPAS,1,"[2, 11, 13, 15, 11, 10, 25, 10, 23, 15, 3, 2, 7, 5, 25, 23, 21, 17, 19, 11, 8, 22, 17, 28, 20, 15, 13, 26, 3, 0, 0, 0, 0, 0, 0, 0, 0, 0, 0, 0]"
LPRRSGAAGA_CASSQLGGNTEAFF,LPRRSGAAGA,,Influenza,Human,CASSQLGGNTEAFF,HLA-B7,McPAS,1,"[2, 15, 19, 21, 21, 22, 11, 5, 5, 11, 5, 3, 2, 7, 5, 22, 22, 20, 15, 11, 11, 17, 23, 9, 5, 10, 10, 3, 0, 0, 0, 0, 0, 0, 0, 0, 0, 0, 0, 0]"
GLCTLVAML_CASSPTSSTPSYAQYF,GLCTLVAML,,Epstein Barr virus (EBV),Human,CASSPTSSTPSYAQYF,HLA-A2,McPAS,1,"[2, 11, 15, 7, 23, 15, 25, 5, 16, 15, 3, 2, 7, 5, 22, 22, 19, 23, 22, 22, 23, 19, 22, 28, 5, 20, 28, 10, 3, 0, 0, 0, 0, 0, 0, 0, 0, 0, 0, 0]"
SSYRRPVGI_CASGEPGLGGDQDTQYF,SSYRRPVGI,PB1,IAV,mouse,CASGEPGLGGDQDTQYF,H2-Kb,Dash,1,"[2, 22, 22, 28, 21, 21, 19, 25, 11, 13, 3, 2, 7, 5, 22, 11, 9, 19, 11, 15, 11, 11, 8, 20, 8, 23, 20, 28, 10, 3, 0, 0, 0, 0, 0, 0, 0, 0, 0, 0]"
LPRRSGAAGA_CASSQANTGGSDTQYF,LPRRSGAAGA,,Influenza,Human,CASSQANTGGSDTQYF,HLA-B7,Control,0,"[2, 15, 19, 21, 21, 22, 11, 5, 5, 11, 5, 3, 2, 7, 5, 22, 22, 20, 5, 17, 23, 11, 11, 22, 8, 23, 20, 28, 10, 3, 0, 0, 0, 0, 0, 0, 0, 0, 0, 0]"
LPRRSGAAGA_CASSASRGQGLEPQHF,LPRRSGAAGA,,Influenza,Human,CASSASRGQGLEPQHF,HLA-B7,McPAS,1,"[2, 15, 19, 21, 21, 22, 11, 5, 5, 11, 5, 3, 2, 7, 5, 22, 22, 5, 22, 21, 11, 20, 11, 15, 9, 19, 20, 12, 10, 3, 0, 0, 0, 0, 0, 0, 0, 0, 0, 0]"
VTEHDTLLY_CASTASSDTGELFF,VTEHDTLLY,,Cytomegalovirus (CMV),Human,CASTASSDTGELFF,HLA-A1,Control,0,"[2, 25, 23, 9, 12, 8, 23, 15, 15, 28, 3, 2, 7, 5, 22, 23, 5, 22, 22, 8, 23, 11, 9, 15, 10, 10, 3, 0, 0, 0, 0, 0, 0, 0, 0, 0, 0, 0, 0, 0]"
HSKKKCDEL_CASSLRSWGRVEAGELFF,HSKKKCDEL,NS3,HCV,HomoSapiens,CASSLRSWGRVEAGELFF,HLA-B*08:01,Control,0,"[2, 12, 22, 14, 14, 14, 7, 8, 9, 15, 3, 2, 7, 5, 22, 22, 15, 21, 22, 26, 11, 21, 25, 9, 5, 11, 9, 15, 10, 10, 3, 0, 0, 0, 0, 0, 0, 0, 0, 0]"
NLVPMVATV_CASSYSIGALEAFF,NLVPMVATV,,Cytomegalovirus (CMV),Human,CASSYSIGALEAFF,HLA-A2,McPAS,1,"[2, 17, 15, 25, 19, 16, 25, 5, 23, 25, 3, 2, 7, 5, 22, 22, 28, 22, 13, 11, 5, 15, 9, 5, 10, 10, 3, 0, 0, 0, 0, 0, 0, 0, 0, 0, 0, 0, 0, 0]"
HGIRNASFI_CASSRWGVNQDTQYF,HGIRNASFI,M45,mCMV,mouse,CASSRWGVNQDTQYF,H2-Db,Dash,1,"[2, 12, 11, 13, 21, 17, 5, 22, 10, 13, 3, 2, 7, 5, 22, 22, 21, 26, 11, 25, 17, 20, 8, 23, 20, 28, 10, 3, 0, 0, 0, 0, 0, 0, 0, 0, 0, 0, 0, 0]"
CRVLCCYVL_CASRWGLGGELFF,CRVLCCYVL,,Cytomegalovirus (CMV),Human,CASRWGLGGELFF,HLA-C*07:02,McPAS,1,"[2, 7, 21, 25, 15, 7, 7, 28, 25, 15, 3, 2, 7, 5, 22, 21, 26, 11, 15, 11, 11, 9, 15, 10, 10, 3, 0, 0, 0, 0, 0, 0, 0, 0, 0, 0, 0, 0, 0, 0]"
GLCTLVAML_CASSQGTGGYTDTQYF,GLCTLVAML,BMLF1,EBV,HomoSapiens,CASSQGTGGYTDTQYF,HLA-A*02,Control,0,"[2, 11, 15, 7, 23, 15, 25, 5, 16, 15, 3, 2, 7, 5, 22, 22, 20, 11, 23, 11, 11, 28, 23, 8, 23, 20, 28, 10, 3, 0, 0, 0, 0, 0, 0, 0, 0, 0, 0, 0]"
LPRRSGAAGA_CASSPTLGRTYNEQFF,LPRRSGAAGA,,Influenza,Human,CASSPTLGRTYNEQFF,HLA-B7,McPAS,1,"[2, 15, 19, 21, 21, 22, 11, 5, 5, 11, 5, 3, 2, 7, 5, 22, 22, 19, 23, 15, 11, 21, 23, 28, 17, 9, 20, 10, 10, 3, 0, 0, 0, 0, 0, 0, 0, 0, 0, 0]"
GILGFVFTL_CASSQVSGDEAFF,GILGFVFTL,,Influenza,Human,CASSQVSGDEAFF,HLA-A2,McPAS,1,"[2, 11, 13, 15, 11, 10, 25, 10, 23, 15, 3, 2, 7, 5, 22, 22, 20, 25, 22, 11, 8, 9, 5, 10, 10, 3, 0, 0, 0, 0, 0, 0, 0, 0, 0, 0, 0, 0, 0, 0]"
GILGFVFTL_CASSQDLGAGTEAFF,GILGFVFTL,,Influenza,Human,CASSQDLGAGTEAFF,HLA-A2,McPAS,1,"[2, 11, 13, 15, 11, 10, 25, 10, 23, 15, 3, 2, 7, 5, 22, 22, 20, 8, 15, 11, 5, 11, 23, 9, 5, 10, 10, 3, 0, 0, 0, 0, 0, 0, 0, 0, 0, 0, 0, 0]"
NEGVKAAW_CATRGQGGHTEAFF,NEGVKAAW,IE2,CMV,HomoSapiens,CATRGQGGHTEAFF,HLA-B*44,VDJdb,1,"[2, 17, 9, 11, 25, 14, 5, 5, 26, 3, 2, 7, 5, 23, 21, 11, 20, 11, 11, 12, 23, 9, 5, 10, 10, 3, 0, 0, 0, 0, 0, 0, 0, 0, 0, 0, 0, 0, 0, 0]"
TPQDLNTML_CASSLLGQVGEQFF,TPQDLNTML,Gag,HIV-1,HomoSapiens,CASSLLGQVGEQFF,HLA-B*42:01,Control,0,"[2, 23, 19, 20, 8, 15, 17, 23, 16, 15, 3, 2, 7, 5, 22, 22, 15, 15, 11, 20, 25, 11, 9, 20, 10, 10, 3, 0, 0, 0, 0, 0, 0, 0, 0, 0, 0, 0, 0, 0]"
LLWNGPMAV_CASNGGLAYEQYF,LLWNGPMAV,,Yellow fever virus,Human,CASNGGLAYEQYF,HLA-A*02:01,McPAS,1,"[2, 15, 15, 26, 17, 11, 19, 16, 5, 25, 3, 2, 7, 5, 22, 17, 11, 11, 15, 5, 28, 9, 20, 28, 10, 3, 0, 0, 0, 0, 0, 0, 0, 0, 0, 0, 0, 0, 0, 0]"
SSLENFRAYV_CASSSREAGTAEQF,SSLENFRAYV,,Influenza,Mouse,CASSSREAGTAEQF,H-2b,McPAS,1,"[2, 22, 22, 15, 9, 17, 10, 21, 5, 28, 25, 3, 2, 7, 5, 22, 22, 22, 21, 9, 5, 11, 23, 5, 9, 20, 10, 3, 0, 0, 0, 0, 0, 0, 0, 0, 0, 0, 0, 0]"
GILGFVFTL_CSARPTSGGGGELFF,GILGFVFTL,,Influenza,Human,CSARPTSGGGGELFF,HLA-A2,Control,0,"[2, 11, 13, 15, 11, 10, 25, 10, 23, 15, 3, 2, 7, 22, 5, 21, 19, 23, 22, 11, 11, 11, 11, 9, 15, 10, 10, 3, 0, 0, 0, 0, 0, 0, 0, 0, 0, 0, 0, 0]"
LPRRSGAAGA_CSVEDRGSGRETQYF,LPRRSGAAGA,,Influenza,Human,CSVEDRGSGRETQYF,HLA-B7,Control,0,"[2, 15, 19, 21, 21, 22, 11, 5, 5, 11, 5, 3, 2, 7, 22, 25, 9, 8, 21, 11, 22, 11, 21, 9, 23, 20, 28, 10, 3, 0, 0, 0, 0, 0, 0, 0, 0, 0, 0, 0]"
LLWNGPMAV_CASSLLPGSPNYEQYF,LLWNGPMAV,,Yellow fever virus,Human,CASSLLPGSPNYEQYF,HLA-A*02:01,Control,0,"[2, 15, 15, 26, 17, 11, 19, 16, 5, 25, 3, 2, 7, 5, 22, 22, 15, 15, 19, 11, 22, 19, 17, 28, 9, 20, 28, 10, 3, 0, 0, 0, 0, 0, 0, 0, 0, 0, 0, 0]"
SSPPMFRV_CASSRDWGGYAEQFF,SSPPMFRV,M38,mCMV,mouse,CASSRDWGGYAEQFF,H2-Kb,Dash,1,"[2, 22, 22, 19, 19, 16, 10, 21, 25, 3, 2, 7, 5, 22, 22, 21, 8, 26, 11, 11, 28, 5, 9, 20, 10, 10, 3, 0, 0, 0, 0, 0, 0, 0, 0, 0, 0, 0, 0, 0]"
TPRVTGGGAM_CASRVGAGNTEAFF,TPRVTGGGAM,pp65,CMV,HomoSapiens,CASRVGAGNTEAFF,HLA-B*07:02,VDJdb,1,"[2, 23, 19, 21, 25, 23, 11, 11, 11, 5, 16, 3, 2, 7, 5, 22, 21, 25, 11, 5, 11, 17, 23, 9, 5, 10, 10, 3, 0, 0, 0, 0, 0, 0, 0, 0, 0, 0, 0, 0]"
ASNENMETM_CASSGGLADSTDTQYF,ASNENMETM,NP,IAV,mouse,CASSGGLADSTDTQYF,H2-Db,Control,0,"[2, 5, 22, 17, 9, 17, 16, 9, 23, 16, 3, 2, 7, 5, 22, 22, 11, 11, 15, 5, 8, 22, 23, 8, 23, 20, 28, 10, 3, 0, 0, 0, 0, 0, 0, 0, 0, 0, 0, 0]"
CRVLCCYVL_CASSLAGLAGAETQYF,CRVLCCYVL,,Cytomegalovirus (CMV),Human,CASSLAGLAGAETQYF,HLA-C*07:02,McPAS,1,"[2, 7, 21, 25, 15, 7, 7, 28, 25, 15, 3, 2, 7, 5, 22, 22, 15, 5, 11, 15, 5, 11, 5, 9, 23, 20, 28, 10, 3, 0, 0, 0, 0, 0, 0, 0, 0, 0, 0, 0]"
LPRRSGAAGA_CSARGKGQAFTDTQYF,LPRRSGAAGA,,Influenza,Human,CSARGKGQAFTDTQYF,HLA-B7,Control,0,"[2, 15, 19, 21, 21, 22, 11, 5, 5, 11, 5, 3, 2, 7, 22, 5, 21, 11, 14, 11, 20, 5, 10, 23, 8, 23, 20, 28, 10, 3, 0, 0, 0, 0, 0, 0, 0, 0, 0, 0]"
CRVLCCYVL_CASSILAGALTGELFF,CRVLCCYVL,,Cytomegalovirus (CMV),Human,CASSILAGALTGELFF,HLA-C*07:02,Control,0,"[2, 7, 21, 25, 15, 7, 7, 28, 25, 15, 3, 2, 7, 5, 22, 22, 13, 15, 5, 11, 5, 15, 23, 11, 9, 15, 10, 10, 3, 0, 0, 0, 0, 0, 0, 0, 0, 0, 0, 0]"
LSLRNPILV_CASRTGTEVF,LSLRNPILV,,Influenza,Mouse,CASRTGTEVF,H-2b,McPAS,1,"[2, 15, 22, 15, 21, 17, 19, 13, 15, 25, 3, 2, 7, 5, 22, 21, 23, 11, 23, 9, 25, 10, 3, 0, 0, 0, 0, 0, 0, 0, 0, 0, 0, 0, 0, 0, 0, 0, 0, 0]"
NLVPMVATV_CSAEVAVYGYTF,NLVPMVATV,pp65,CMV,HomoSapiens,CSAEVAVYGYTF,HLA-A*02:01,Control,0,"[2, 17, 15, 25, 19, 16, 25, 5, 23, 25, 3, 2, 7, 22, 5, 9, 25, 5, 25, 28, 11, 28, 23, 10, 3, 0, 0, 0, 0, 0, 0, 0, 0, 0, 0, 0, 0, 0, 0, 0]"
LLWNGPMAV_CASSRTASYGYTF,LLWNGPMAV,,Yellow fever virus,Human,CASSRTASYGYTF,HLA-A*02:01,Control,0,"[2, 15, 15, 26, 17, 11, 19, 16, 5, 25, 3, 2, 7, 5, 22, 22, 21, 23, 5, 22, 28, 11, 28, 23, 10, 3, 0, 0, 0, 0, 0, 0, 0, 0, 0, 0, 0, 0, 0, 0]"
STPESANL_CASSPEGQGRVWQPQHF,STPESANL,Tat,SIV,MacacaMulatta,CASSPEGQGRVWQPQHF,Mamu-A*01,Control,0,"[2, 22, 23, 19, 9, 22, 5, 17, 15, 3, 2, 7, 5, 22, 22, 19, 9, 11, 20, 11, 21, 25, 26, 20, 19, 20, 12, 10, 3, 0, 0, 0, 0, 0, 0, 0, 0, 0, 0, 0]"
FLKEKGGL_CSAHLYRAYGYTF,FLKEKGGL,Nef,HIV-1,HomoSapiens,CSAHLYRAYGYTF,HLA-B*08,VDJdb,1,"[2, 10, 15, 14, 9, 14, 11, 11, 15, 3, 2, 7, 22, 5, 12, 15, 28, 21, 5, 28, 11, 28, 23, 10, 3, 0, 0, 0, 0, 0, 0, 0, 0, 0, 0, 0, 0, 0, 0, 0]"
LPRRSGAAGA_CAWSDGQEQFF,LPRRSGAAGA,,Influenza,Human,CAWSDGQEQFF,HLA-B7,McPAS,1,"[2, 15, 19, 21, 21, 22, 11, 5, 5, 11, 5, 3, 2, 7, 5, 26, 22, 8, 11, 20, 9, 20, 10, 10, 3, 0, 0, 0, 0, 0, 0, 0, 0, 0, 0, 0, 0, 0, 0, 0]"
GLCTLVAML_CASSFGGFGETQYF,GLCTLVAML,,Epstein Barr virus (EBV),Human,CASSFGGFGETQYF,HLA-A2,Control,0,"[2, 11, 15, 7, 23, 15, 25, 5, 16, 15, 3, 2, 7, 5, 22, 22, 10, 11, 11, 10, 11, 9, 23, 20, 28, 10, 3, 0, 0, 0, 0, 0, 0, 0, 0, 0, 0, 0, 0, 0]"
ATDALMTGY_CASSLWGQAEAFF,ATDALMTGY,,Hepatitis C virus,Human,CASSLWGQAEAFF,HLA-A*01:01,Control,0,"[2, 5, 23, 8, 5, 15, 16, 23, 11, 28, 3, 2, 7, 5, 22, 22, 15, 26, 11, 20, 5, 9, 5, 10, 10, 3, 0, 0, 0, 0, 0, 0, 0, 0, 0, 0, 0, 0, 0, 0]"
LPRRSGAAGA_CASSPNAGGNTIYF,LPRRSGAAGA,,Influenza,Human,CASSPNAGGNTIYF,HLA-B7,Control,0,"[2, 15, 19, 21, 21, 22, 11, 5, 5, 11, 5, 3, 2, 7, 5, 22, 22, 19, 17, 5, 11, 11, 17, 23, 13, 28, 10, 3, 0, 0, 0, 0, 0, 0, 0, 0, 0, 0, 0, 0]"
GILGFVFTL_CASSSRSTGELFF,GILGFVFTL,,Influenza,Human,CASSSRSTGELFF,HLA-A2,McPAS,1,"[2, 11, 13, 15, 11, 10, 25, 10, 23, 15, 3, 2, 7, 5, 22, 22, 22, 21, 22, 23, 11, 9, 15, 10, 10, 3, 0, 0, 0, 0, 0, 0, 0, 0, 0, 0, 0, 0, 0, 0]"
HGIRNASFI_CASSQLAGTSIYNEQFF,HGIRNASFI,M45,mCMV,mouse,CASSQLAGTSIYNEQFF,H2-Db,Control,0,"[2, 12, 11, 13, 21, 17, 5, 22, 10, 13, 3, 2, 7, 5, 22, 22, 20, 15, 5, 11, 23, 22, 13, 28, 17, 9, 20, 10, 10, 3, 0, 0, 0, 0, 0, 0, 0, 0, 0, 0]"
EAAGIGILTV_CASSSLQGAFADTQYF,EAAGIGILTV,,Melanoma,Human,CASSSLQGAFADTQYF,HLA-A*02:01,McPAS,1,"[2, 9, 5, 5, 11, 13, 11, 13, 15, 23, 25, 3, 2, 7, 5, 22, 22, 22, 15, 20, 11, 5, 10, 5, 8, 23, 20, 28, 10, 3, 0, 0, 0, 0, 0, 0, 0, 0, 0, 0]"
LPRRSGAAGA_CASRSPSGGSYNEQFF,LPRRSGAAGA,,Influenza,Human,CASRSPSGGSYNEQFF,HLA-B7,McPAS,1,"[2, 15, 19, 21, 21, 22, 11, 5, 5, 11, 5, 3, 2, 7, 5, 22, 21, 22, 19, 22, 11, 11, 22, 28, 17, 9, 20, 10, 10, 3, 0, 0, 0, 0, 0, 0, 0, 0, 0, 0]"
NLNCCSVPV_CATLQGDGEKLFF,NLNCCSVPV,,Neoantigen,Human,CATLQGDGEKLFF,HLA-A2,Control,0,"[2, 17, 15, 17, 7, 7, 22, 25, 19, 25, 3, 2, 7, 5, 23, 15, 20, 11, 8, 11, 9, 14, 15, 10, 10, 3, 0, 0, 0, 0, 0, 0, 0, 0, 0, 0, 0, 0, 0, 0]"
EIYKRWII_CASSPRKSDYQETQYF,EIYKRWII,Gag,HIV-1,HomoSapiens,CASSPRKSDYQETQYF,HLA-B*08,Control,0,"[2, 9, 13, 28, 14, 21, 26, 13, 13, 3, 2, 7, 5, 22, 22, 19, 21, 14, 22, 8, 28, 20, 9, 23, 20, 28, 10, 3, 0, 0, 0, 0, 0, 0, 0, 0, 0, 0, 0, 0]"
LPRRSGAAGA_CASSLDRVEQYF,LPRRSGAAGA,,Influenza,Human,CASSLDRVEQYF,HLA-B7,McPAS,1,"[2, 15, 19, 21, 21, 22, 11, 5, 5, 11, 5, 3, 2, 7, 5, 22, 22, 15, 8, 21, 25, 9, 20, 28, 10, 3, 0, 0, 0, 0, 0, 0, 0, 0, 0, 0, 0, 0, 0, 0]"
SSLENFRAYV_CASSWGEEQYF,SSLENFRAYV,,Influenza,Mouse,CASSWGEEQYF,H-2b,McPAS,1,"[2, 22, 22, 15, 9, 17, 10, 21, 5, 28, 25, 3, 2, 7, 5, 22, 22, 26, 11, 9, 9, 20, 28, 10, 3, 0, 0, 0, 0, 0, 0, 0, 0, 0, 0, 0, 0, 0, 0, 0]"
EAAGIGILTV_CASSQGHSGELF,EAAGIGILTV,,Melanoma,Human,CASSQGHSGELF,HLA-A*02:01,McPAS,1,"[2, 9, 5, 5, 11, 13, 11, 13, 15, 23, 25, 3, 2, 7, 5, 22, 22, 20, 11, 12, 22, 11, 9, 15, 10, 3, 0, 0, 0, 0, 0, 0, 0, 0, 0, 0, 0, 0, 0, 0]"
RYPLTFGWCF_CSAEEAETYNEQFF,RYPLTFGWCF,,Human immunodeficiency virus (HIV),Human,CSAEEAETYNEQFF,HLA-A*24:02,Control,0,"[2, 21, 28, 19, 15, 23, 10, 11, 26, 7, 10, 3, 2, 7, 22, 5, 9, 9, 5, 9, 23, 28, 17, 9, 20, 10, 10, 3, 0, 0, 0, 0, 0, 0, 0, 0, 0, 0, 0, 0]"
EAAGIGILTV_CASSWGQGQETQYF,EAAGIGILTV,,Melanoma,Human,CASSWGQGQETQYF,HLA-A*02:01,McPAS,1,"[2, 9, 5, 5, 11, 13, 11, 13, 15, 23, 25, 3, 2, 7, 5, 22, 22, 26, 11, 20, 11, 20, 9, 23, 20, 28, 10, 3, 0, 0, 0, 0, 0, 0, 0, 0, 0, 0, 0, 0]"
LPRRSGAAGA_CASSQVLSGMLNEQFF,LPRRSGAAGA,,Influenza,Human,CASSQVLSGMLNEQFF,HLA-B7,McPAS,1,"[2, 15, 19, 21, 21, 22, 11, 5, 5, 11, 5, 3, 2, 7, 5, 22, 22, 20, 25, 15, 22, 11, 16, 15, 17, 9, 20, 10, 10, 3, 0, 0, 0, 0, 0, 0, 0, 0, 0, 0]"
SFHSLHLLF_CASSPSSTGFYNEQFF,SFHSLHLLF,,HTLV-1,Human,CASSPSSTGFYNEQFF,HLA-A*24:02,McPAS,1,"[2, 22, 10, 12, 22, 15, 12, 15, 15, 10, 3, 2, 7, 5, 22, 22, 19, 22, 22, 23, 11, 10, 28, 17, 9, 20, 10, 10, 3, 0, 0, 0, 0, 0, 0, 0, 0, 0, 0, 0]"
GILGFVFTL_CAISERGSDYEQYF,GILGFVFTL,M1,IAV,human,CAISERGSDYEQYF,HLA-A*02:01,Control,0,"[2, 11, 13, 15, 11, 10, 25, 10, 23, 15, 3, 2, 7, 5, 13, 22, 9, 21, 11, 22, 8, 28, 9, 20, 28, 10, 3, 0, 0, 0, 0, 0, 0, 0, 0, 0, 0, 0, 0, 0]"
GILGFVFTL_CSARRVAERLSYNEQFF,GILGFVFTL,,Influenza,Human,CSARRVAERLSYNEQFF,HLA-A2,Control,0,"[2, 11, 13, 15, 11, 10, 25, 10, 23, 15, 3, 2, 7, 22, 5, 21, 21, 25, 5, 9, 21, 15, 22, 28, 17, 9, 20, 10, 10, 3, 0, 0, 0, 0, 0, 0, 0, 0, 0, 0]"
LLWNGPMAV_CASSLYPLGFGYTF,LLWNGPMAV,,Yellow fever virus,Human,CASSLYPLGFGYTF,HLA-A*02:01,McPAS,1,"[2, 15, 15, 26, 17, 11, 19, 16, 5, 25, 3, 2, 7, 5, 22, 22, 15, 28, 19, 15, 11, 10, 11, 28, 23, 10, 3, 0, 0, 0, 0, 0, 0, 0, 0, 0, 0, 0, 0, 0]"
HPKVSSEVHI_CASSLGPAAGYTF,HPKVSSEVHI,Vif,HIV-1,HomoSapiens,CASSLGPAAGYTF,HLA-B*42:01,VDJdb,1,"[2, 12, 19, 14, 25, 22, 22, 9, 25, 12, 13, 3, 2, 7, 5, 22, 22, 15, 11, 19, 5, 5, 11, 28, 23, 10, 3, 0, 0, 0, 0, 0, 0, 0, 0, 0, 0, 0, 0, 0]"
GLCTLVAML_CASSPEVTSGGHEQYF,GLCTLVAML,,Epstein Barr virus (EBV),Human,CASSPEVTSGGHEQYF,HLA-A2,McPAS,1,"[2, 11, 15, 7, 23, 15, 25, 5, 16, 15, 3, 2, 7, 5, 22, 22, 19, 9, 25, 23, 22, 11, 11, 12, 9, 20, 28, 10, 3, 0, 0, 0, 0, 0, 0, 0, 0, 0, 0, 0]"
KRWIILGLNK_CATSETGIGEKLFF,KRWIILGLNK,,Human immunodeficiency virus (HIV),Human,CATSETGIGEKLFF,HLA-B*27:05,Control,0,"[2, 14, 21, 26, 13, 13, 15, 11, 15, 17, 14, 3, 2, 7, 5, 23, 22, 9, 23, 11, 13, 11, 9, 14, 15, 10, 10, 3, 0, 0, 0, 0, 0, 0, 0, 0, 0, 0, 0, 0]"
GTSGSPIINR_CASSLDTEIQETQYF,GTSGSPIINR,NS3,DENV3/4,HomoSapiens,CASSLDTEIQETQYF,HLA-A*11:01,Control,0,"[2, 11, 23, 22, 11, 22, 19, 13, 13, 17, 21, 3, 2, 7, 5, 22, 22, 15, 8, 23, 9, 13, 20, 9, 23, 20, 28, 10, 3, 0, 0, 0, 0, 0, 0, 0, 0, 0, 0, 0]"
TPRVTGGGAM_CASSVRFTDTQYF,TPRVTGGGAM,pp65,CMV,HomoSapiens,CASSVRFTDTQYF,HLA-B*07:02,Control,0,"[2, 23, 19, 21, 25, 23, 11, 11, 11, 5, 16, 3, 2, 7, 5, 22, 22, 25, 21, 10, 23, 8, 23, 20, 28, 10, 3, 0, 0, 0, 0, 0, 0, 0, 0, 0, 0, 0, 0, 0]"
KAFSPEVIPMF_CASSFGSAEQYF,KAFSPEVIPMF,Gag,HIV-1,HomoSapiens,CASSFGSAEQYF,HLA-B*57:01,Control,0,"[2, 14, 5, 10, 22, 19, 9, 25, 13, 19, 16, 10, 3, 2, 7, 5, 22, 22, 10, 11, 22, 5, 9, 20, 28, 10, 3, 0, 0, 0, 0, 0, 0, 0, 0, 0, 0, 0, 0, 0]"
GILGFVFTL_CASSLKGSWGGDNEQFF,GILGFVFTL,,Influenza,Human,CASSLKGSWGGDNEQFF,HLA-A*02:01,Control,0,"[2, 11, 13, 15, 11, 10, 25, 10, 23, 15, 3, 2, 7, 5, 22, 22, 15, 14, 11, 22, 26, 11, 11, 8, 17, 9, 20, 10, 10, 3, 0, 0, 0, 0, 0, 0, 0, 0, 0, 0]"
GTSGSPIVNR_CASSQGGGNYEQYF,GTSGSPIVNR,NS3,DENV1,HomoSapiens,CASSQGGGNYEQYF,HLA-A*11:01,VDJdb,1,"[2, 11, 23, 22, 11, 22, 19, 13, 25, 17, 21, 3, 2, 7, 5, 22, 22, 20, 11, 11, 11, 17, 28, 9, 20, 28, 10, 3, 0, 0, 0, 0, 0, 0, 0, 0, 0, 0, 0, 0]"
LPRRSGAAGA_CASSQVAGSYGYTF,LPRRSGAAGA,,Influenza,Human,CASSQVAGSYGYTF,HLA-B7,Control,0,"[2, 15, 19, 21, 21, 22, 11, 5, 5, 11, 5, 3, 2, 7, 5, 22, 22, 20, 25, 5, 11, 22, 28, 11, 28, 23, 10, 3, 0, 0, 0, 0, 0, 0, 0, 0, 0, 0, 0, 0]"
RPHERNGFTVL_CASSQLTGYTEAFF,RPHERNGFTVL,,Cytomegalovirus (CMV),Human,CASSQLTGYTEAFF,HLA-B*07:02,Control,0,"[2, 21, 19, 12, 9, 21, 17, 11, 10, 23, 25, 15, 3, 2, 7, 5, 22, 22, 20, 15, 23, 11, 28, 23, 9, 5, 10, 10, 3, 0, 0, 0, 0, 0, 0, 0, 0, 0, 0, 0]"
ASNENMETM_CASGGSNTGQLF,ASNENMETM,,Influenza,Mouse,CASGGSNTGQLF,H-2b,McPAS,1,"[2, 5, 22, 17, 9, 17, 16, 9, 23, 16, 3, 2, 7, 5, 22, 11, 11, 22, 17, 23, 11, 20, 15, 10, 3, 0, 0, 0, 0, 0, 0, 0, 0, 0, 0, 0, 0, 0, 0, 0]"
TPRVTGGGAM_CASSPLRRGSAGELFF,TPRVTGGGAM,,Cytomegalovirus (CMV),Human,CASSPLRRGSAGELFF,HLA-B*07:02,Control,0,"[2, 23, 19, 21, 25, 23, 11, 11, 11, 5, 16, 3, 2, 7, 5, 22, 22, 19, 15, 21, 21, 11, 22, 5, 11, 9, 15, 10, 10, 3, 0, 0, 0, 0, 0, 0, 0, 0, 0, 0]"
GLCTLVAML_CASSTGQGAHEQYF,GLCTLVAML,BMLF1,EBV,HomoSapiens,CASSTGQGAHEQYF,HLA-A*02:01,Control,0,"[2, 11, 15, 7, 23, 15, 25, 5, 16, 15, 3, 2, 7, 5, 22, 22, 23, 11, 20, 11, 5, 12, 9, 20, 28, 10, 3, 0, 0, 0, 0, 0, 0, 0, 0, 0, 0, 0, 0, 0]"
VTEHDTLLY_CASSQDGLGGSYNEQFF,VTEHDTLLY,,Cytomegalovirus (CMV),Human,CASSQDGLGGSYNEQFF,HLA-A1,McPAS,1,"[2, 25, 23, 9, 12, 8, 23, 15, 15, 28, 3, 2, 7, 5, 22, 22, 20, 8, 11, 15, 11, 11, 22, 28, 17, 9, 20, 10, 10, 3, 0, 0, 0, 0, 0, 0, 0, 0, 0, 0]"
TPRVTGGGAM_CASSLGVMVTGELFF,TPRVTGGGAM,,Cytomegalovirus (CMV),Human,CASSLGVMVTGELFF,HLA-B*07:02,McPAS,1,"[2, 23, 19, 21, 25, 23, 11, 11, 11, 5, 16, 3, 2, 7, 5, 22, 22, 15, 11, 25, 16, 25, 23, 11, 9, 15, 10, 10, 3, 0, 0, 0, 0, 0, 0, 0, 0, 0, 0, 0]"
HPKVSSEVHI_CASSQDRTSGNTIYF,HPKVSSEVHI,,Human immunodeficiency virus (HIV),Human,CASSQDRTSGNTIYF,HLA-B*42:01,McPAS,1,"[2, 12, 19, 14, 25, 22, 22, 9, 25, 12, 13, 3, 2, 7, 5, 22, 22, 20, 8, 21, 23, 22, 11, 17, 23, 13, 28, 10, 3, 0, 0, 0, 0, 0, 0, 0, 0, 0, 0, 0]"
LPRRSGAAGA_CASSLAGGPPETQYF,LPRRSGAAGA,,Influenza,Human,CASSLAGGPPETQYF,HLA-B7,Control,0,"[2, 15, 19, 21, 21, 22, 11, 5, 5, 11, 5, 3, 2, 7, 5, 22, 22, 15, 5, 11, 11, 19, 19, 9, 23, 20, 28, 10, 3, 0, 0, 0, 0, 0, 0, 0, 0, 0, 0, 0]"
ASNENMETM_CASSLGPMGGYTF,ASNENMETM,NP,IAV,mouse,CASSLGPMGGYTF,H2-Db,Control,0,"[2, 5, 22, 17, 9, 17, 16, 9, 23, 16, 3, 2, 7, 5, 22, 22, 15, 11, 19, 16, 11, 11, 28, 23, 10, 3, 0, 0, 0, 0, 0, 0, 0, 0, 0, 0, 0, 0, 0, 0]"
GLCTLVAML_CASSPLRVAEPQETQYF,GLCTLVAML,,Epstein Barr virus (EBV),Human,CASSPLRVAEPQETQYF,HLA-A2,McPAS,1,"[2, 11, 15, 7, 23, 15, 25, 5, 16, 15, 3, 2, 7, 5, 22, 22, 19, 15, 21, 25, 5, 9, 19, 20, 9, 23, 20, 28, 10, 3, 0, 0, 0, 0, 0, 0, 0, 0, 0, 0]"
LPRRSGAAGA_CASSSTDGISYNEQFF,LPRRSGAAGA,,Influenza,Human,CASSSTDGISYNEQFF,HLA-B7,Control,0,"[2, 15, 19, 21, 21, 22, 11, 5, 5, 11, 5, 3, 2, 7, 5, 22, 22, 22, 23, 8, 11, 13, 22, 28, 17, 9, 20, 10, 10, 3, 0, 0, 0, 0, 0, 0, 0, 0, 0, 0]"
RPHERNGFTVL_CASSRAPGPLYEQYF,RPHERNGFTVL,,Cytomegalovirus (CMV),Human,CASSRAPGPLYEQYF,HLA-B*07:02,McPAS,1,"[2, 21, 19, 12, 9, 21, 17, 11, 10, 23, 25, 15, 3, 2, 7, 5, 22, 22, 21, 5, 19, 11, 19, 15, 28, 9, 20, 28, 10, 3, 0, 0, 0, 0, 0, 0, 0, 0, 0, 0]"
CRVLCCYVL_CASSPRQNTGELFF,CRVLCCYVL,,Cytomegalovirus (CMV),Human,CASSPRQNTGELFF,HLA-C*07:02,Control,0,"[2, 7, 21, 25, 15, 7, 7, 28, 25, 15, 3, 2, 7, 5, 22, 22, 19, 21, 20, 17, 23, 11, 9, 15, 10, 10, 3, 0, 0, 0, 0, 0, 0, 0, 0, 0, 0, 0, 0, 0]"
GILGFVFTL_CASSLDRAIGVTYEQYF,GILGFVFTL,,Influenza,Human,CASSLDRAIGVTYEQYF,HLA-A*02:01,McPAS,1,"[2, 11, 13, 15, 11, 10, 25, 10, 23, 15, 3, 2, 7, 5, 22, 22, 15, 8, 21, 5, 13, 11, 25, 23, 28, 9, 20, 28, 10, 3, 0, 0, 0, 0, 0, 0, 0, 0, 0, 0]"
LPRRSGAAGA_CASSSSSGEQFF,LPRRSGAAGA,,Influenza,Human,CASSSSSGEQFF,HLA-B7,McPAS,1,"[2, 15, 19, 21, 21, 22, 11, 5, 5, 11, 5, 3, 2, 7, 5, 22, 22, 22, 22, 22, 11, 9, 20, 10, 10, 3, 0, 0, 0, 0, 0, 0, 0, 0, 0, 0, 0, 0, 0, 0]"
GILGFVFTL_CASSFGIGGTDTQYF,GILGFVFTL,,Influenza,Human,CASSFGIGGTDTQYF,HLA-A*02:01,Control,0,"[2, 11, 13, 15, 11, 10, 25, 10, 23, 15, 3, 2, 7, 5, 22, 22, 10, 11, 13, 11, 11, 23, 8, 23, 20, 28, 10, 3, 0, 0, 0, 0, 0, 0, 0, 0, 0, 0, 0, 0]"
GLCTLVAML_CSARIGVGNGYTF,GLCTLVAML,,Epstein Barr virus (EBV),Human,CSARIGVGNGYTF,HLA-A2,McPAS,1,"[2, 11, 15, 7, 23, 15, 25, 5, 16, 15, 3, 2, 7, 22, 5, 21, 13, 11, 25, 11, 17, 11, 28, 23, 10, 3, 0, 0, 0, 0, 0, 0, 0, 0, 0, 0, 0, 0, 0, 0]"
KAFSPEVIPMF_CASSGQDYGYTF,KAFSPEVIPMF,Gag,HIV-1,HomoSapiens,CASSGQDYGYTF,HLA-B*57,VDJdb,1,"[2, 14, 5, 10, 22, 19, 9, 25, 13, 19, 16, 10, 3, 2, 7, 5, 22, 22, 11, 20, 8, 28, 11, 28, 23, 10, 3, 0, 0, 0, 0, 0, 0, 0, 0, 0, 0, 0, 0, 0]"
LPRRSGAAGA_CASSLSRDTSYEQYF,LPRRSGAAGA,,Influenza,Human,CASSLSRDTSYEQYF,HLA-B7,Control,0,"[2, 15, 19, 21, 21, 22, 11, 5, 5, 11, 5, 3, 2, 7, 5, 22, 22, 15, 22, 21, 8, 23, 22, 28, 9, 20, 28, 10, 3, 0, 0, 0, 0, 0, 0, 0, 0, 0, 0, 0]"
LPRRSGAAGA_CASSSRTDLLTQYF,LPRRSGAAGA,,Influenza,Human,CASSSRTDLLTQYF,HLA-B7,McPAS,1,"[2, 15, 19, 21, 21, 22, 11, 5, 5, 11, 5, 3, 2, 7, 5, 22, 22, 22, 21, 23, 8, 15, 15, 23, 20, 28, 10, 3, 0, 0, 0, 0, 0, 0, 0, 0, 0, 0, 0, 0]"
GLCTLVAML_CSASKAARNSPLHF,GLCTLVAML,,Epstein Barr virus (EBV),Human,CSASKAARNSPLHF,HLA-A2,Control,0,"[2, 11, 15, 7, 23, 15, 25, 5, 16, 15, 3, 2, 7, 22, 5, 22, 14, 5, 5, 21, 17, 22, 19, 15, 12, 10, 3, 0, 0, 0, 0, 0, 0, 0, 0, 0, 0, 0, 0, 0]"
LPRRSGAAGA_CASSQGVLWGVETQYF,LPRRSGAAGA,,Influenza,Human,CASSQGVLWGVETQYF,HLA-B7,Control,0,"[2, 15, 19, 21, 21, 22, 11, 5, 5, 11, 5, 3, 2, 7, 5, 22, 22, 20, 11, 25, 15, 26, 11, 25, 9, 23, 20, 28, 10, 3, 0, 0, 0, 0, 0, 0, 0, 0, 0, 0]"
FLKEKGGL_CASSLGQGRSLGHEQYF,FLKEKGGL,Nef,HIV-1,HomoSapiens,CASSLGQGRSLGHEQYF,HLA-B*08,VDJdb,1,"[2, 10, 15, 14, 9, 14, 11, 11, 15, 3, 2, 7, 5, 22, 22, 15, 11, 20, 11, 21, 22, 15, 11, 12, 9, 20, 28, 10, 3, 0, 0, 0, 0, 0, 0, 0, 0, 0, 0, 0]"
TTPESANL_CASRTPRTVFSYEQYF,TTPESANL,Tat,SIV,MacacaMulatta,CASRTPRTVFSYEQYF,Mamu-A*01,Control,0,"[2, 23, 23, 19, 9, 22, 5, 17, 15, 3, 2, 7, 5, 22, 21, 23, 19, 21, 23, 25, 10, 22, 28, 9, 20, 28, 10, 3, 0, 0, 0, 0, 0, 0, 0, 0, 0, 0, 0, 0]"
LPRRSGAAGA_CASLGLGPYNEQFF,LPRRSGAAGA,,Influenza,Human,CASLGLGPYNEQFF,HLA-B7,Control,0,"[2, 15, 19, 21, 21, 22, 11, 5, 5, 11, 5, 3, 2, 7, 5, 22, 15, 11, 15, 11, 19, 28, 17, 9, 20, 10, 10, 3, 0, 0, 0, 0, 0, 0, 0, 0, 0, 0, 0, 0]"
GLCTLVAML_CAAREGFAQPQHF,GLCTLVAML,BMLF1,EBV,HomoSapiens,CAAREGFAQPQHF,HLA-A*02:01,Control,0,"[2, 11, 15, 7, 23, 15, 25, 5, 16, 15, 3, 2, 7, 5, 5, 21, 9, 11, 10, 5, 20, 19, 20, 12, 10, 3, 0, 0, 0, 0, 0, 0, 0, 0, 0, 0, 0, 0, 0, 0]"
TPRVTGGGAM_CASSLGSSPLHF,TPRVTGGGAM,,Cytomegalovirus (CMV),Human,CASSLGSSPLHF,HLA-B*07:02,McPAS,1,"[2, 23, 19, 21, 25, 23, 11, 11, 11, 5, 16, 3, 2, 7, 5, 22, 22, 15, 11, 22, 22, 19, 15, 12, 10, 3, 0, 0, 0, 0, 0, 0, 0, 0, 0, 0, 0, 0, 0, 0]"
SSLENFRAYV_CASSLGSEQYF,SSLENFRAYV,PA,IAV,mouse,CASSLGSEQYF,H2-Db,Dash,1,"[2, 22, 22, 15, 9, 17, 10, 21, 5, 28, 25, 3, 2, 7, 5, 22, 22, 15, 11, 22, 9, 20, 28, 10, 3, 0, 0, 0, 0, 0, 0, 0, 0, 0, 0, 0, 0, 0, 0, 0]"
KLWASPLHV_CASSVAGGYEQYF,KLWASPLHV,,Neoantigen,Human,CASSVAGGYEQYF,HLA-A2,McPAS,1,"[2, 14, 15, 26, 5, 22, 19, 15, 12, 25, 3, 2, 7, 5, 22, 22, 25, 5, 11, 11, 28, 9, 20, 28, 10, 3, 0, 0, 0, 0, 0, 0, 0, 0, 0, 0, 0, 0, 0, 0]"
LPRRSGAAGA_CASSLGGNYEQYF,LPRRSGAAGA,,Influenza,Human,CASSLGGNYEQYF,HLA-B7,McPAS,1,"[2, 15, 19, 21, 21, 22, 11, 5, 5, 11, 5, 3, 2, 7, 5, 22, 22, 15, 11, 11, 17, 28, 9, 20, 28, 10, 3, 0, 0, 0, 0, 0, 0, 0, 0, 0, 0, 0, 0, 0]"
RAKFKQLL_CASSMLGTGSSGANVLTF,RAKFKQLL,BZLF1,EBV,HomoSapiens,CASSMLGTGSSGANVLTF,HLA-B*08:01,Control,0,"[2, 21, 5, 14, 10, 14, 20, 15, 15, 3, 2, 7, 5, 22, 22, 16, 15, 11, 23, 11, 22, 22, 11, 5, 17, 25, 15, 23, 10, 3, 0, 0, 0, 0, 0, 0, 0, 0, 0, 0]"
GLCTLVAML_CASSPGQGGTDTQYF,GLCTLVAML,,Epstein Barr virus (EBV),Human,CASSPGQGGTDTQYF,HLA-A2,McPAS,1,"[2, 11, 15, 7, 23, 15, 25, 5, 16, 15, 3, 2, 7, 5, 22, 22, 19, 11, 20, 11, 11, 23, 8, 23, 20, 28, 10, 3, 0, 0, 0, 0, 0, 0, 0, 0, 0, 0, 0, 0]"
RLGPYLEFL_CSALPGTSPNEQFF,RLGPYLEFL,,Neoantigen,Human,CSALPGTSPNEQFF,HLA-A2,Control,0,"[2, 21, 15, 11, 19, 28, 15, 9, 10, 15, 3, 2, 7, 22, 5, 15, 19, 11, 23, 22, 19, 17, 9, 20, 10, 10, 3, 0, 0, 0, 0, 0, 0, 0, 0, 0, 0, 0, 0, 0]"
EAAGIGILTV_CASKRGSTNEKLFF,EAAGIGILTV,,Melanoma,Human,CASKRGSTNEKLFF,HLA-A*02:01,Control,0,"[2, 9, 5, 5, 11, 13, 11, 13, 15, 23, 25, 3, 2, 7, 5, 22, 14, 21, 11, 22, 23, 17, 9, 14, 15, 10, 10, 3, 0, 0, 0, 0, 0, 0, 0, 0, 0, 0, 0, 0]"
SSLENFRAYV_CASSQEGGGDSDYTF,SSLENFRAYV,PA,IAV,mouse,CASSQEGGGDSDYTF,H2-Db,Dash,1,"[2, 22, 22, 15, 9, 17, 10, 21, 5, 28, 25, 3, 2, 7, 5, 22, 22, 20, 9, 11, 11, 11, 8, 22, 8, 28, 23, 10, 3, 0, 0, 0, 0, 0, 0, 0, 0, 0, 0, 0]"
RPHERNGFTVL_CASNEGNQPQHF,RPHERNGFTVL,,Cytomegalovirus (CMV),Human,CASNEGNQPQHF,HLA-B*07:02,Control,0,"[2, 21, 19, 12, 9, 21, 17, 11, 10, 23, 25, 15, 3, 2, 7, 5, 22, 17, 9, 11, 17, 20, 19, 20, 12, 10, 3, 0, 0, 0, 0, 0, 0, 0, 0, 0, 0, 0, 0, 0]"
NLVPMVATV_CQQLLFSGGGNEQFF,NLVPMVATV,pp65,CMV,HomoSapiens,CQQLLFSGGGNEQFF,HLA-A*02:01,VDJdb,1,"[2, 17, 15, 25, 19, 16, 25, 5, 23, 25, 3, 2, 7, 20, 20, 15, 15, 10, 22, 11, 11, 11, 17, 9, 20, 10, 10, 3, 0, 0, 0, 0, 0, 0, 0, 0, 0, 0, 0, 0]"
VTEHDTLLY_CASSLSGTAYEQYF,VTEHDTLLY,,Cytomegalovirus (CMV),Human,CASSLSGTAYEQYF,HLA-A1,Control,0,"[2, 25, 23, 9, 12, 8, 23, 15, 15, 28, 3, 2, 7, 5, 22, 22, 15, 22, 11, 23, 5, 28, 9, 20, 28, 10, 3, 0, 0, 0, 0, 0, 0, 0, 0, 0, 0, 0, 0, 0]"
SYIPSAEKI_CASTPTGTNNQALF,SYIPSAEKI,,Plasmodium berghei,Mouse,CASTPTGTNNQALF,H-2Kd,McPAS,1,"[2, 22, 28, 13, 19, 22, 5, 9, 14, 13, 3, 2, 7, 5, 22, 23, 19, 23, 11, 23, 17, 17, 20, 5, 15, 10, 3, 0, 0, 0, 0, 0, 0, 0, 0, 0, 0, 0, 0, 0]"
GTSGSPIVNR_CSARDPGEYQETQYF,GTSGSPIVNR,NS3,DENV1,HomoSapiens,CSARDPGEYQETQYF,HLA-A*11:01,VDJdb,1,"[2, 11, 23, 22, 11, 22, 19, 13, 25, 17, 21, 3, 2, 7, 22, 5, 21, 8, 19, 11, 9, 28, 20, 9, 23, 20, 28, 10, 3, 0, 0, 0, 0, 0, 0, 0, 0, 0, 0, 0]"
ELAGIGILTV_CASASAQLGNTIYF,ELAGIGILTV,MLANA,HomoSapiens,HomoSapiens,CASASAQLGNTIYF,HLA-A*02:01,VDJdb,1,"[2, 9, 15, 5, 11, 13, 11, 13, 15, 23, 25, 3, 2, 7, 5, 22, 5, 22, 5, 20, 15, 11, 17, 23, 13, 28, 10, 3, 0, 0, 0, 0, 0, 0, 0, 0, 0, 0, 0, 0]"
HGIRNASFI_CASSLTGAGANVLTF,HGIRNASFI,M45,mCMV,mouse,CASSLTGAGANVLTF,H2-Db,Control,0,"[2, 12, 11, 13, 21, 17, 5, 22, 10, 13, 3, 2, 7, 5, 22, 22, 15, 23, 11, 5, 11, 5, 17, 25, 15, 23, 10, 3, 0, 0, 0, 0, 0, 0, 0, 0, 0, 0, 0, 0]"
EAAGIGILTV_CASSQGRVGYEQYF,EAAGIGILTV,,Melanoma,Human,CASSQGRVGYEQYF,HLA-A*02:01,Control,0,"[2, 9, 5, 5, 11, 13, 11, 13, 15, 23, 25, 3, 2, 7, 5, 22, 22, 20, 11, 21, 25, 11, 28, 9, 20, 28, 10, 3, 0, 0, 0, 0, 0, 0, 0, 0, 0, 0, 0, 0]"
LSLRNPILV_CASSLDIIYGYTF,LSLRNPILV,F2,IAV,mouse,CASSLDIIYGYTF,H2-Db,Control,0,"[2, 15, 22, 15, 21, 17, 19, 13, 15, 25, 3, 2, 7, 5, 22, 22, 15, 8, 13, 13, 28, 11, 28, 23, 10, 3, 0, 0, 0, 0, 0, 0, 0, 0, 0, 0, 0, 0, 0, 0]"
LPRRSGAAGA_CASSLPPGWGLPDEQFF,LPRRSGAAGA,,Influenza,Human,CASSLPPGWGLPDEQFF,HLA-B7,McPAS,1,"[2, 15, 19, 21, 21, 22, 11, 5, 5, 11, 5, 3, 2, 7, 5, 22, 22, 15, 19, 19, 11, 26, 11, 15, 19, 8, 9, 20, 10, 10, 3, 0, 0, 0, 0, 0, 0, 0, 0, 0]"
LPRRSGAAGA_CSASGGAHSTDTQYF,LPRRSGAAGA,,Influenza,Human,CSASGGAHSTDTQYF,HLA-B7,Control,0,"[2, 15, 19, 21, 21, 22, 11, 5, 5, 11, 5, 3, 2, 7, 22, 5, 22, 11, 11, 5, 12, 22, 23, 8, 23, 20, 28, 10, 3, 0, 0, 0, 0, 0, 0, 0, 0, 0, 0, 0]"
GILGFVFTL_CSARGEIYTGELFF,GILGFVFTL,,Influenza,Human,CSARGEIYTGELFF,HLA-A*02:01,Control,0,"[2, 11, 13, 15, 11, 10, 25, 10, 23, 15, 3, 2, 7, 22, 5, 21, 11, 9, 13, 28, 23, 11, 9, 15, 10, 10, 3, 0, 0, 0, 0, 0, 0, 0, 0, 0, 0, 0, 0, 0]"
HGIRNASFI_CASSRGWGGPENTLYF,HGIRNASFI,M45,mCMV,mouse,CASSRGWGGPENTLYF,H2-Db,Dash,1,"[2, 12, 11, 13, 21, 17, 5, 22, 10, 13, 3, 2, 7, 5, 22, 22, 21, 11, 26, 11, 11, 19, 9, 17, 23, 15, 28, 10, 3, 0, 0, 0, 0, 0, 0, 0, 0, 0, 0, 0]"
CRVLCCYVL_CASSPNPDRANEQFF,CRVLCCYVL,,Cytomegalovirus (CMV),Human,CASSPNPDRANEQFF,HLA-C*07:02,Control,0,"[2, 7, 21, 25, 15, 7, 7, 28, 25, 15, 3, 2, 7, 5, 22, 22, 19, 17, 19, 8, 21, 5, 17, 9, 20, 10, 10, 3, 0, 0, 0, 0, 0, 0, 0, 0, 0, 0, 0, 0]"
GILGFVFTL_CSATEGGLWEQYF,GILGFVFTL,,Influenza,Human,CSATEGGLWEQYF,HLA-A2,McPAS,1,"[2, 11, 13, 15, 11, 10, 25, 10, 23, 15, 3, 2, 7, 22, 5, 23, 9, 11, 11, 15, 26, 9, 20, 28, 10, 3, 0, 0, 0, 0, 0, 0, 0, 0, 0, 0, 0, 0, 0, 0]"
SSYRRPVGI_CAWSLDSAETLYF,SSYRRPVGI,PB1,IAV,mouse,CAWSLDSAETLYF,H2-Kb,Dash,1,"[2, 22, 22, 28, 21, 21, 19, 25, 11, 13, 3, 2, 7, 5, 26, 22, 15, 8, 22, 5, 9, 23, 15, 28, 10, 3, 0, 0, 0, 0, 0, 0, 0, 0, 0, 0, 0, 0, 0, 0]"
GILGFVFTL_CASSAGTRSYNEQFF,GILGFVFTL,,Influenza,Human,CASSAGTRSYNEQFF,HLA-A2,Control,0,"[2, 11, 13, 15, 11, 10, 25, 10, 23, 15, 3, 2, 7, 5, 22, 22, 5, 11, 23, 21, 22, 28, 17, 9, 20, 10, 10, 3, 0, 0, 0, 0, 0, 0, 0, 0, 0, 0, 0, 0]"
GLCTLVAML_CSASGYSNQPQHF,GLCTLVAML,BMLF1,EBV,HomoSapiens,CSASGYSNQPQHF,HLA-A*02,VDJdb,1,"[2, 11, 15, 7, 23, 15, 25, 5, 16, 15, 3, 2, 7, 22, 5, 22, 11, 28, 22, 17, 20, 19, 20, 12, 10, 3, 0, 0, 0, 0, 0, 0, 0, 0, 0, 0, 0, 0, 0, 0]"
TTPESANL_CASSLMGLTSGNTVYF,TTPESANL,Tat,SIV,MacacaMulatta,CASSLMGLTSGNTVYF,Mamu-A*01,VDJdb,1,"[2, 23, 23, 19, 9, 22, 5, 17, 15, 3, 2, 7, 5, 22, 22, 15, 16, 11, 15, 23, 22, 11, 17, 23, 25, 28, 10, 3, 0, 0, 0, 0, 0, 0, 0, 0, 0, 0, 0, 0]"
LPRRSGAAGA_CASSRQVDNEKLFF,LPRRSGAAGA,,Influenza,Human,CASSRQVDNEKLFF,HLA-B7,Control,0,"[2, 15, 19, 21, 21, 22, 11, 5, 5, 11, 5, 3, 2, 7, 5, 22, 22, 21, 20, 25, 8, 17, 9, 14, 15, 10, 10, 3, 0, 0, 0, 0, 0, 0, 0, 0, 0, 0, 0, 0]"
GPGHKARVL_CASSVPGSATQYF,GPGHKARVL,Gag,HIV-1,HomoSapiens,CASSVPGSATQYF,HLA-B*07:02,Control,0,"[2, 11, 19, 11, 12, 14, 5, 21, 25, 15, 3, 2, 7, 5, 22, 22, 25, 19, 11, 22, 5, 23, 20, 28, 10, 3, 0, 0, 0, 0, 0, 0, 0, 0, 0, 0, 0, 0, 0, 0]"
FRCPRRFCF_CATSRDEAGGLSYNEQFF,FRCPRRFCF,,Cytomegalovirus (CMV),Human,CATSRDEAGGLSYNEQFF,HLA-C*07:02,Control,0,"[2, 10, 21, 7, 19, 21, 21, 10, 7, 10, 3, 2, 7, 5, 23, 22, 21, 8, 9, 5, 11, 11, 15, 22, 28, 17, 9, 20, 10, 10, 3, 0, 0, 0, 0, 0, 0, 0, 0, 0]"
GILGFVFTL_CATSSRVTGDEQYF,GILGFVFTL,,Influenza,Human,CATSSRVTGDEQYF,HLA-A2,Control,0,"[2, 11, 13, 15, 11, 10, 25, 10, 23, 15, 3, 2, 7, 5, 23, 22, 22, 21, 25, 23, 11, 8, 9, 20, 28, 10, 3, 0, 0, 0, 0, 0, 0, 0, 0, 0, 0, 0, 0, 0]"
VTEHDTLLY_CASRLTNGADTQYF,VTEHDTLLY,,Cytomegalovirus (CMV),Human,CASRLTNGADTQYF,HLA-A1,McPAS,1,"[2, 25, 23, 9, 12, 8, 23, 15, 15, 28, 3, 2, 7, 5, 22, 21, 15, 23, 17, 11, 5, 8, 23, 20, 28, 10, 3, 0, 0, 0, 0, 0, 0, 0, 0, 0, 0, 0, 0, 0]"
KLPQLCTEL_CASSFGLADLEQYF,KLPQLCTEL,,Graft Vs Host Disease,Mouse,CASSFGLADLEQYF,H-2d/b,Control,0,"[2, 14, 15, 19, 20, 15, 7, 23, 9, 15, 3, 2, 7, 5, 22, 22, 10, 11, 15, 5, 8, 15, 9, 20, 28, 10, 3, 0, 0, 0, 0, 0, 0, 0, 0, 0, 0, 0, 0, 0]"
LPRRSGAAGA_CSARDMTGWGYTF,LPRRSGAAGA,,Influenza,Human,CSARDMTGWGYTF,HLA-B7,Control,0,"[2, 15, 19, 21, 21, 22, 11, 5, 5, 11, 5, 3, 2, 7, 22, 5, 21, 8, 16, 23, 11, 26, 11, 28, 23, 10, 3, 0, 0, 0, 0, 0, 0, 0, 0, 0, 0, 0, 0, 0]"
GILGFVFTL_CASSISSSSYNEQFF,GILGFVFTL,,Influenza,Human,CASSISSSSYNEQFF,HLA-A*02:01,McPAS,1,"[2, 11, 13, 15, 11, 10, 25, 10, 23, 15, 3, 2, 7, 5, 22, 22, 13, 22, 22, 22, 22, 28, 17, 9, 20, 10, 10, 3, 0, 0, 0, 0, 0, 0, 0, 0, 0, 0, 0, 0]"
EIYKRWII_CASSRQGSSEKLFF,EIYKRWII,,Human immunodeficiency virus (HIV),Human,CASSRQGSSEKLFF,HLA-B*08,Control,0,"[2, 9, 13, 28, 14, 21, 26, 13, 13, 3, 2, 7, 5, 22, 22, 21, 20, 11, 22, 22, 9, 14, 15, 10, 10, 3, 0, 0, 0, 0, 0, 0, 0, 0, 0, 0, 0, 0, 0, 0]"
TPRVTGGGAM_CASRSGPGQPYEQYF,TPRVTGGGAM,,Cytomegalovirus (CMV),Human,CASRSGPGQPYEQYF,HLA-B*07:02,McPAS,1,"[2, 23, 19, 21, 25, 23, 11, 11, 11, 5, 16, 3, 2, 7, 5, 22, 21, 22, 11, 19, 11, 20, 19, 28, 9, 20, 28, 10, 3, 0, 0, 0, 0, 0, 0, 0, 0, 0, 0, 0]"
NLVPMVATV_CASSSGTGEQYF,NLVPMVATV,pp65,CMV,HomoSapiens,CASSSGTGEQYF,HLA-A*02:01,Control,0,"[2, 17, 15, 25, 19, 16, 25, 5, 23, 25, 3, 2, 7, 5, 22, 22, 22, 11, 23, 11, 9, 20, 28, 10, 3, 0, 0, 0, 0, 0, 0, 0, 0, 0, 0, 0, 0, 0, 0, 0]"
GILGFVFTL_CASSLDNSPLHF,GILGFVFTL,,Influenza,Human,CASSLDNSPLHF,HLA-A2,Control,0,"[2, 11, 13, 15, 11, 10, 25, 10, 23, 15, 3, 2, 7, 5, 22, 22, 15, 8, 17, 22, 19, 15, 12, 10, 3, 0, 0, 0, 0, 0, 0, 0, 0, 0, 0, 0, 0, 0, 0, 0]"
GILGFVFTL_CASSGLAGARNEQYF,GILGFVFTL,,Influenza,Human,CASSGLAGARNEQYF,HLA-A*02,McPAS,1,"[2, 11, 13, 15, 11, 10, 25, 10, 23, 15, 3, 2, 7, 5, 22, 22, 11, 15, 5, 11, 5, 21, 17, 9, 20, 28, 10, 3, 0, 0, 0, 0, 0, 0, 0, 0, 0, 0, 0, 0]"
KAFSPEVIPMF_CASSFWGQGTDTQYF,KAFSPEVIPMF,Gag,HIV-1,HomoSapiens,CASSFWGQGTDTQYF,HLA-B*57:01,VDJdb,1,"[2, 14, 5, 10, 22, 19, 9, 25, 13, 19, 16, 10, 3, 2, 7, 5, 22, 22, 10, 26, 11, 20, 11, 23, 8, 23, 20, 28, 10, 3, 0, 0, 0, 0, 0, 0, 0, 0, 0, 0]"
GLCTLVAML_CARVGVGNTIYF,GLCTLVAML,,Epstein Barr virus (EBV),Human,CARVGVGNTIYF,HLA-A*02,McPAS,1,"[2, 11, 15, 7, 23, 15, 25, 5, 16, 15, 3, 2, 7, 5, 21, 25, 11, 25, 11, 17, 23, 13, 28, 10, 3, 0, 0, 0, 0, 0, 0, 0, 0, 0, 0, 0, 0, 0, 0, 0]"
LPRRSGAAGA_CAWSPGDNEQFF,LPRRSGAAGA,,Influenza,Human,CAWSPGDNEQFF,HLA-B7,McPAS,1,"[2, 15, 19, 21, 21, 22, 11, 5, 5, 11, 5, 3, 2, 7, 5, 26, 22, 19, 11, 8, 17, 9, 20, 10, 10, 3, 0, 0, 0, 0, 0, 0, 0, 0, 0, 0, 0, 0, 0, 0]"
LLWNGPMAV_CASSEEGSGANVLTF,LLWNGPMAV,,Yellow fever virus,Human,CASSEEGSGANVLTF,HLA-A*02:01,Control,0,"[2, 15, 15, 26, 17, 11, 19, 16, 5, 25, 3, 2, 7, 5, 22, 22, 9, 9, 11, 22, 11, 5, 17, 25, 15, 23, 10, 3, 0, 0, 0, 0, 0, 0, 0, 0, 0, 0, 0, 0]"
NLVPMVATV_CASSLDPAGGETQYF,NLVPMVATV,pp65,CMV,human,CASSLDPAGGETQYF,HLA-A*02:01,Control,0,"[2, 17, 15, 25, 19, 16, 25, 5, 23, 25, 3, 2, 7, 5, 22, 22, 15, 8, 19, 5, 11, 11, 9, 23, 20, 28, 10, 3, 0, 0, 0, 0, 0, 0, 0, 0, 0, 0, 0, 0]"
GLCTLVAML_CSGEDQETQYF,GLCTLVAML,,Epstein Barr virus (EBV),Human,CSGEDQETQYF,HLA-A2,McPAS,1,"[2, 11, 15, 7, 23, 15, 25, 5, 16, 15, 3, 2, 7, 22, 11, 9, 8, 20, 9, 23, 20, 28, 10, 3, 0, 0, 0, 0, 0, 0, 0, 0, 0, 0, 0, 0, 0, 0, 0, 0]"
LPRRSGAAGA_CASSARPEQPVTEAFF,LPRRSGAAGA,,Influenza,Human,CASSARPEQPVTEAFF,HLA-B7,Control,0,"[2, 15, 19, 21, 21, 22, 11, 5, 5, 11, 5, 3, 2, 7, 5, 22, 22, 5, 21, 19, 9, 20, 19, 25, 23, 9, 5, 10, 10, 3, 0, 0, 0, 0, 0, 0, 0, 0, 0, 0]"
RPHERNGFTVL_CASSWGNEQFF,RPHERNGFTVL,pp65,CMV,HomoSapiens,CASSWGNEQFF,HLA-B*07:02,Control,0,"[2, 21, 19, 12, 9, 21, 17, 11, 10, 23, 25, 15, 3, 2, 7, 5, 22, 22, 26, 11, 17, 9, 20, 10, 10, 3, 0, 0, 0, 0, 0, 0, 0, 0, 0, 0, 0, 0, 0, 0]"
LPRRSGAAGA_CASSQVNEGPYEQYF,LPRRSGAAGA,,Influenza,Human,CASSQVNEGPYEQYF,HLA-B7,Control,0,"[2, 15, 19, 21, 21, 22, 11, 5, 5, 11, 5, 3, 2, 7, 5, 22, 22, 20, 25, 17, 9, 11, 19, 28, 9, 20, 28, 10, 3, 0, 0, 0, 0, 0, 0, 0, 0, 0, 0, 0]"
LPRRSGAAGA_CASIPPSDRARQPQHF,LPRRSGAAGA,,Influenza,Human,CASIPPSDRARQPQHF,HLA-B7,Control,0,"[2, 15, 19, 21, 21, 22, 11, 5, 5, 11, 5, 3, 2, 7, 5, 22, 13, 19, 19, 22, 8, 21, 5, 21, 20, 19, 20, 12, 10, 3, 0, 0, 0, 0, 0, 0, 0, 0, 0, 0]"
LPRRSGAAGA_CASSFGQPQHF,LPRRSGAAGA,,Influenza,Human,CASSFGQPQHF,HLA-B7,Control,0,"[2, 15, 19, 21, 21, 22, 11, 5, 5, 11, 5, 3, 2, 7, 5, 22, 22, 10, 11, 20, 19, 20, 12, 10, 3, 0, 0, 0, 0, 0, 0, 0, 0, 0, 0, 0, 0, 0, 0, 0]"
GILGFVFTL_CASSLYSMGELFF,GILGFVFTL,M1,IAV,human,CASSLYSMGELFF,HLA-A*02:01,Control,0,"[2, 11, 13, 15, 11, 10, 25, 10, 23, 15, 3, 2, 7, 5, 22, 22, 15, 28, 22, 16, 11, 9, 15, 10, 10, 3, 0, 0, 0, 0, 0, 0, 0, 0, 0, 0, 0, 0, 0, 0]"
KAFSPEVIPMF_CASTFSRIVYRLTDTQYF,KAFSPEVIPMF,Gag,HIV-1,HomoSapiens,CASTFSRIVYRLTDTQYF,HLA-B*57:01,Control,0,"[2, 14, 5, 10, 22, 19, 9, 25, 13, 19, 16, 10, 3, 2, 7, 5, 22, 23, 10, 22, 21, 13, 25, 28, 21, 15, 23, 8, 23, 20, 28, 10, 3, 0, 0, 0, 0, 0, 0, 0]"
GILGFVFTL_CSVDDRGTTEAFF,GILGFVFTL,,Influenza,Human,CSVDDRGTTEAFF,HLA-A2,McPAS,1,"[2, 11, 13, 15, 11, 10, 25, 10, 23, 15, 3, 2, 7, 22, 25, 8, 8, 21, 11, 23, 23, 9, 5, 10, 10, 3, 0, 0, 0, 0, 0, 0, 0, 0, 0, 0, 0, 0, 0, 0]"
LPRRSGAAGA_CASSLGGRAHNEQFF,LPRRSGAAGA,,Influenza,Human,CASSLGGRAHNEQFF,HLA-B7,McPAS,1,"[2, 15, 19, 21, 21, 22, 11, 5, 5, 11, 5, 3, 2, 7, 5, 22, 22, 15, 11, 11, 21, 5, 12, 17, 9, 20, 10, 10, 3, 0, 0, 0, 0, 0, 0, 0, 0, 0, 0, 0]"
LPRRSGAAGA_CASSPVLAGGPHEQYF,LPRRSGAAGA,,Influenza,Human,CASSPVLAGGPHEQYF,HLA-B7,McPAS,1,"[2, 15, 19, 21, 21, 22, 11, 5, 5, 11, 5, 3, 2, 7, 5, 22, 22, 19, 25, 15, 5, 11, 11, 19, 12, 9, 20, 28, 10, 3, 0, 0, 0, 0, 0, 0, 0, 0, 0, 0]"
TPRVTGGGAM_CASSLSLSTSTYGYTF,TPRVTGGGAM,,Cytomegalovirus (CMV),Human,CASSLSLSTSTYGYTF,HLA-B*07:02,McPAS,1,"[2, 23, 19, 21, 25, 23, 11, 11, 11, 5, 16, 3, 2, 7, 5, 22, 22, 15, 22, 15, 22, 23, 22, 23, 28, 11, 28, 23, 10, 3, 0, 0, 0, 0, 0, 0, 0, 0, 0, 0]"
CRVLCCYVL_CSADKGGLSYEQYF,CRVLCCYVL,,Cytomegalovirus (CMV),Human,CSADKGGLSYEQYF,HLA-C*07:02,Control,0,"[2, 7, 21, 25, 15, 7, 7, 28, 25, 15, 3, 2, 7, 22, 5, 8, 14, 11, 11, 15, 22, 28, 9, 20, 28, 10, 3, 0, 0, 0, 0, 0, 0, 0, 0, 0, 0, 0, 0, 0]"
GILGFVFTL_CASSQAAGNNEQFF,GILGFVFTL,,Influenza,Human,CASSQAAGNNEQFF,HLA-A2,Control,0,"[2, 11, 13, 15, 11, 10, 25, 10, 23, 15, 3, 2, 7, 5, 22, 22, 20, 5, 5, 11, 17, 17, 9, 20, 10, 10, 3, 0, 0, 0, 0, 0, 0, 0, 0, 0, 0, 0, 0, 0]"
GLCTLVAML_CSARAGADTEAFF,GLCTLVAML,,Epstein Barr virus (EBV),Human,CSARAGADTEAFF,HLA-A2,McPAS,1,"[2, 11, 15, 7, 23, 15, 25, 5, 16, 15, 3, 2, 7, 22, 5, 21, 5, 11, 5, 8, 23, 9, 5, 10, 10, 3, 0, 0, 0, 0, 0, 0, 0, 0, 0, 0, 0, 0, 0, 0]"
GILGFVFTL_CASSLLVSGVSSTDTQYF,GILGFVFTL,M1,IAV,human,CASSLLVSGVSSTDTQYF,HLA-A*02:01,Dash,1,"[2, 11, 13, 15, 11, 10, 25, 10, 23, 15, 3, 2, 7, 5, 22, 22, 15, 15, 25, 22, 11, 25, 22, 22, 23, 8, 23, 20, 28, 10, 3, 0, 0, 0, 0, 0, 0, 0, 0, 0]"
LPRRSGAAGA_CSVVRGDTGELFF,LPRRSGAAGA,,Influenza,Human,CSVVRGDTGELFF,HLA-B7,McPAS,1,"[2, 15, 19, 21, 21, 22, 11, 5, 5, 11, 5, 3, 2, 7, 22, 25, 25, 21, 11, 8, 23, 11, 9, 15, 10, 10, 3, 0, 0, 0, 0, 0, 0, 0, 0, 0, 0, 0, 0, 0]"
FLKEKGGL_CASRGGSGELF,FLKEKGGL,,Human immunodeficiency virus (HIV),Human,CASRGGSGELF,HLA-B*08,McPAS,1,"[2, 10, 15, 14, 9, 14, 11, 11, 15, 3, 2, 7, 5, 22, 21, 11, 11, 22, 11, 9, 15, 10, 3, 0, 0, 0, 0, 0, 0, 0, 0, 0, 0, 0, 0, 0, 0, 0, 0, 0]"
FLKEKGGL_CASSQDRGGIQETQYF,FLKEKGGL,Nef,HIV-1,HomoSapiens,CASSQDRGGIQETQYF,HLA-B*08,Control,0,"[2, 10, 15, 14, 9, 14, 11, 11, 15, 3, 2, 7, 5, 22, 22, 20, 8, 21, 11, 11, 13, 20, 9, 23, 20, 28, 10, 3, 0, 0, 0, 0, 0, 0, 0, 0, 0, 0, 0, 0]"
LLWNGPMAV_CSVTGERGTDTQYF,LLWNGPMAV,,Yellow fever virus,Human,CSVTGERGTDTQYF,HLA-A*02:01,McPAS,1,"[2, 15, 15, 26, 17, 11, 19, 16, 5, 25, 3, 2, 7, 22, 25, 23, 11, 9, 21, 11, 23, 8, 23, 20, 28, 10, 3, 0, 0, 0, 0, 0, 0, 0, 0, 0, 0, 0, 0, 0]"
CRVLCCYVL_CASSFRVPPYEQYF,CRVLCCYVL,,Cytomegalovirus (CMV),Human,CASSFRVPPYEQYF,HLA-C*07:02,Control,0,"[2, 7, 21, 25, 15, 7, 7, 28, 25, 15, 3, 2, 7, 5, 22, 22, 10, 21, 25, 19, 19, 28, 9, 20, 28, 10, 3, 0, 0, 0, 0, 0, 0, 0, 0, 0, 0, 0, 0, 0]"
FRCPRRFCF_CASSQDLGDGNEQFF,FRCPRRFCF,,Cytomegalovirus (CMV),Human,CASSQDLGDGNEQFF,HLA-C*07:02,McPAS,1,"[2, 10, 21, 7, 19, 21, 21, 10, 7, 10, 3, 2, 7, 5, 22, 22, 20, 8, 15, 11, 8, 11, 17, 9, 20, 10, 10, 3, 0, 0, 0, 0, 0, 0, 0, 0, 0, 0, 0, 0]"
LPRRSGAAGA_CASSQDISDTDTQYF,LPRRSGAAGA,,Influenza,Human,CASSQDISDTDTQYF,HLA-B7,McPAS,1,"[2, 15, 19, 21, 21, 22, 11, 5, 5, 11, 5, 3, 2, 7, 5, 22, 22, 20, 8, 13, 22, 8, 23, 8, 23, 20, 28, 10, 3, 0, 0, 0, 0, 0, 0, 0, 0, 0, 0, 0]"
ATDALMTGY_CASSSPASSTDTQYF,ATDALMTGY,NS3,HCV,HomoSapiens,CASSSPASSTDTQYF,HLA-A*01:01,VDJdb,1,"[2, 5, 23, 8, 5, 15, 16, 23, 11, 28, 3, 2, 7, 5, 22, 22, 22, 19, 5, 22, 22, 23, 8, 23, 20, 28, 10, 3, 0, 0, 0, 0, 0, 0, 0, 0, 0, 0, 0, 0]"
ASNENMETM_CASSPGGEGSGANVLTF,ASNENMETM,,Influenza,Mouse,CASSPGGEGSGANVLTF,H-2b,Control,0,"[2, 5, 22, 17, 9, 17, 16, 9, 23, 16, 3, 2, 7, 5, 22, 22, 19, 11, 11, 9, 11, 22, 11, 5, 17, 25, 15, 23, 10, 3, 0, 0, 0, 0, 0, 0, 0, 0, 0, 0]"
NLVPMVATV_CASSHRTDTQYF,NLVPMVATV,,Cytomegalovirus (CMV),Human,CASSHRTDTQYF,HLA-A*02,Control,0,"[2, 17, 15, 25, 19, 16, 25, 5, 23, 25, 3, 2, 7, 5, 22, 22, 12, 21, 23, 8, 23, 20, 28, 10, 3, 0, 0, 0, 0, 0, 0, 0, 0, 0, 0, 0, 0, 0, 0, 0]"
GILGFVFTL_CASSVDRGDYGYTF,GILGFVFTL,,Influenza,Human,CASSVDRGDYGYTF,HLA-A2,Control,0,"[2, 11, 13, 15, 11, 10, 25, 10, 23, 15, 3, 2, 7, 5, 22, 22, 25, 8, 21, 11, 8, 28, 11, 28, 23, 10, 3, 0, 0, 0, 0, 0, 0, 0, 0, 0, 0, 0, 0, 0]"
KRWIILGLNK_CASSPGVDTQYF,KRWIILGLNK,Gag,HIV-1,HomoSapiens,CASSPGVDTQYF,HLA-B*27:05,Control,0,"[2, 14, 21, 26, 13, 13, 15, 11, 15, 17, 14, 3, 2, 7, 5, 22, 22, 19, 11, 25, 8, 23, 20, 28, 10, 3, 0, 0, 0, 0, 0, 0, 0, 0, 0, 0, 0, 0, 0, 0]"
SSYRRPVGI_CASSDSSAETLYF,SSYRRPVGI,PB1,IAV,mouse,CASSDSSAETLYF,H2-Kb,Dash,1,"[2, 22, 22, 28, 21, 21, 19, 25, 11, 13, 3, 2, 7, 5, 22, 22, 8, 22, 22, 5, 9, 23, 15, 28, 10, 3, 0, 0, 0, 0, 0, 0, 0, 0, 0, 0, 0, 0, 0, 0]"
FLKEKGGL_CSVEGGLYGYTF,FLKEKGGL,Nef,HIV-1,HomoSapiens,CSVEGGLYGYTF,HLA-B*08,Control,0,"[2, 10, 15, 14, 9, 14, 11, 11, 15, 3, 2, 7, 22, 25, 9, 11, 11, 15, 28, 11, 28, 23, 10, 3, 0, 0, 0, 0, 0, 0, 0, 0, 0, 0, 0, 0, 0, 0, 0, 0]"
NLVPMVATV_CASSHEGAGANVLTF,NLVPMVATV,,Cytomegalovirus (CMV),Human,CASSHEGAGANVLTF,HLA-A2,McPAS,1,"[2, 17, 15, 25, 19, 16, 25, 5, 23, 25, 3, 2, 7, 5, 22, 22, 12, 9, 11, 5, 11, 5, 17, 25, 15, 23, 10, 3, 0, 0, 0, 0, 0, 0, 0, 0, 0, 0, 0, 0]"
ATDALMTGY_CASSQAGEGSGANVLTF,ATDALMTGY,NS3,HCV,HomoSapiens,CASSQAGEGSGANVLTF,HLA-A*01:01,Control,0,"[2, 5, 23, 8, 5, 15, 16, 23, 11, 28, 3, 2, 7, 5, 22, 22, 20, 5, 11, 9, 11, 22, 11, 5, 17, 25, 15, 23, 10, 3, 0, 0, 0, 0, 0, 0, 0, 0, 0, 0]"
TTPESANL_CASSGREDSNQPQYF,TTPESANL,Tat,SIV,MacacaMulatta,CASSGREDSNQPQYF,Mamu-A*01,VDJdb,1,"[2, 23, 23, 19, 9, 22, 5, 17, 15, 3, 2, 7, 5, 22, 22, 11, 21, 9, 8, 22, 17, 20, 19, 20, 28, 10, 3, 0, 0, 0, 0, 0, 0, 0, 0, 0, 0, 0, 0, 0]"
TPQDLNTML_CAWKGSYEQYF,TPQDLNTML,Gag,HIV-1,HomoSapiens,CAWKGSYEQYF,HLA-B*42,Control,0,"[2, 23, 19, 20, 8, 15, 17, 23, 16, 15, 3, 2, 7, 5, 26, 14, 11, 22, 28, 9, 20, 28, 10, 3, 0, 0, 0, 0, 0, 0, 0, 0, 0, 0, 0, 0, 0, 0, 0, 0]"
LPRRSGAAGA_CASSLVQATEAFF,LPRRSGAAGA,,Influenza,Human,CASSLVQATEAFF,HLA-B7,Control,0,"[2, 15, 19, 21, 21, 22, 11, 5, 5, 11, 5, 3, 2, 7, 5, 22, 22, 15, 25, 20, 5, 23, 9, 5, 10, 10, 3, 0, 0, 0, 0, 0, 0, 0, 0, 0, 0, 0, 0, 0]"
IVTDFSVIK_CASSESAGGYYNEQF,IVTDFSVIK,,Epstein Barr virus (EBV),Human,CASSESAGGYYNEQF,HLA-A*011,McPAS,1,"[2, 13, 25, 23, 8, 10, 22, 25, 13, 14, 3, 2, 7, 5, 22, 22, 9, 22, 5, 11, 11, 28, 28, 17, 9, 20, 10, 3, 0, 0, 0, 0, 0, 0, 0, 0, 0, 0, 0, 0]"
CTPYDINQM_CASSQETGGSGKNTQYF,CTPYDINQM,Gag,SIV,MacacaMulatta,CASSQETGGSGKNTQYF,Mamu-A*01,VDJdb,1,"[2, 7, 23, 19, 28, 8, 13, 17, 20, 16, 3, 2, 7, 5, 22, 22, 20, 9, 23, 11, 11, 22, 11, 14, 17, 23, 20, 28, 10, 3, 0, 0, 0, 0, 0, 0, 0, 0, 0, 0]"
GILGFVFTL_CAWSNGGRAEAFF,GILGFVFTL,,Influenza,Human,CAWSNGGRAEAFF,HLA-A2,McPAS,1,"[2, 11, 13, 15, 11, 10, 25, 10, 23, 15, 3, 2, 7, 5, 26, 22, 17, 11, 11, 21, 5, 9, 5, 10, 10, 3, 0, 0, 0, 0, 0, 0, 0, 0, 0, 0, 0, 0, 0, 0]"
GILGFVFTL_CASSLQGYLDTQYF,GILGFVFTL,,Influenza,Human,CASSLQGYLDTQYF,HLA-A2,Control,0,"[2, 11, 13, 15, 11, 10, 25, 10, 23, 15, 3, 2, 7, 5, 22, 22, 15, 20, 11, 28, 15, 8, 23, 20, 28, 10, 3, 0, 0, 0, 0, 0, 0, 0, 0, 0, 0, 0, 0, 0]"
SQLLNAKYL_CASSDWGVRDTQYF,SQLLNAKYL,GAP50,PlasmodiumBerghei,MusMusculus,CASSDWGVRDTQYF,H-2Db,VDJdb,1,"[2, 22, 20, 15, 15, 17, 5, 14, 28, 15, 3, 2, 7, 5, 22, 22, 8, 26, 11, 25, 21, 8, 23, 20, 28, 10, 3, 0, 0, 0, 0, 0, 0, 0, 0, 0, 0, 0, 0, 0]"
GILGFVFTL_CASSLDQLRTGGNQPQHF,GILGFVFTL,M,InfluenzaA,HomoSapiens,CASSLDQLRTGGNQPQHF,HLA-A*02:01,Control,0,"[2, 11, 13, 15, 11, 10, 25, 10, 23, 15, 3, 2, 7, 5, 22, 22, 15, 8, 20, 15, 21, 23, 11, 11, 17, 20, 19, 20, 12, 10, 3, 0, 0, 0, 0, 0, 0, 0, 0, 0]"
ATDALMTGY_CSVGQAAGELFF,ATDALMTGY,NS3,HCV,HomoSapiens,CSVGQAAGELFF,HLA-A*01:01,Control,0,"[2, 5, 23, 8, 5, 15, 16, 23, 11, 28, 3, 2, 7, 22, 25, 11, 20, 5, 5, 11, 9, 15, 10, 10, 3, 0, 0, 0, 0, 0, 0, 0, 0, 0, 0, 0, 0, 0, 0, 0]"
NLVPMVATV_CATSDSRTGGRGELFF,NLVPMVATV,,Cytomegalovirus (CMV),Human,CATSDSRTGGRGELFF,HLA-A2,Control,0,"[2, 17, 15, 25, 19, 16, 25, 5, 23, 25, 3, 2, 7, 5, 23, 22, 8, 22, 21, 23, 11, 11, 21, 11, 9, 15, 10, 10, 3, 0, 0, 0, 0, 0, 0, 0, 0, 0, 0, 0]"
CTPYDINQM_CASSLSIRASGASVLTF,CTPYDINQM,Gag,SIV,MacacaMulatta,CASSLSIRASGASVLTF,Mamu-A*01,VDJdb,1,"[2, 7, 23, 19, 28, 8, 13, 17, 20, 16, 3, 2, 7, 5, 22, 22, 15, 22, 13, 21, 5, 22, 11, 5, 22, 25, 15, 23, 10, 3, 0, 0, 0, 0, 0, 0, 0, 0, 0, 0]"
LPRRSGAAGA_CASSQGTGVADTQYF,LPRRSGAAGA,,Influenza,Human,CASSQGTGVADTQYF,HLA-B7,Control,0,"[2, 15, 19, 21, 21, 22, 11, 5, 5, 11, 5, 3, 2, 7, 5, 22, 22, 20, 11, 23, 11, 25, 5, 8, 23, 20, 28, 10, 3, 0, 0, 0, 0, 0, 0, 0, 0, 0, 0, 0]"
CRVLCCYVL_CASSSASPSWDEQFF,CRVLCCYVL,,Cytomegalovirus (CMV),Human,CASSSASPSWDEQFF,HLA-C*07:02,McPAS,1,"[2, 7, 21, 25, 15, 7, 7, 28, 25, 15, 3, 2, 7, 5, 22, 22, 22, 5, 22, 19, 22, 26, 8, 9, 20, 10, 10, 3, 0, 0, 0, 0, 0, 0, 0, 0, 0, 0, 0, 0]"
LPRRSGAAGA_CASSHWDRVGETQYF,LPRRSGAAGA,,Influenza,Human,CASSHWDRVGETQYF,HLA-B7,McPAS,1,"[2, 15, 19, 21, 21, 22, 11, 5, 5, 11, 5, 3, 2, 7, 5, 22, 22, 12, 26, 8, 21, 25, 11, 9, 23, 20, 28, 10, 3, 0, 0, 0, 0, 0, 0, 0, 0, 0, 0, 0]"
LPRRSGAAGA_CASSHISGGSDTQYF,LPRRSGAAGA,,Influenza,Human,CASSHISGGSDTQYF,HLA-B7,McPAS,1,"[2, 15, 19, 21, 21, 22, 11, 5, 5, 11, 5, 3, 2, 7, 5, 22, 22, 12, 13, 22, 11, 11, 22, 8, 23, 20, 28, 10, 3, 0, 0, 0, 0, 0, 0, 0, 0, 0, 0, 0]"
EAAGIGILTV_CASSPTGTSYNEQFF,EAAGIGILTV,,Melanoma,Human,CASSPTGTSYNEQFF,HLA-A*02:01,Control,0,"[2, 9, 5, 5, 11, 13, 11, 13, 15, 23, 25, 3, 2, 7, 5, 22, 22, 19, 23, 11, 23, 22, 28, 17, 9, 20, 10, 10, 3, 0, 0, 0, 0, 0, 0, 0, 0, 0, 0, 0]"
LPPIVAKEI_CASSQGLAAQYF,LPPIVAKEI,,Human immunodeficiency virus (HIV),Human,CASSQGLAAQYF,HLA-B*42:01,Control,0,"[2, 15, 19, 19, 13, 25, 5, 14, 9, 13, 3, 2, 7, 5, 22, 22, 20, 11, 15, 5, 5, 20, 28, 10, 3, 0, 0, 0, 0, 0, 0, 0, 0, 0, 0, 0, 0, 0, 0, 0]"
GLCTLVAML_CASSVAGGDEQYF,GLCTLVAML,BMLF1,EBV,HomoSapiens,CASSVAGGDEQYF,HLA-A*02:01,VDJdb,1,"[2, 11, 15, 7, 23, 15, 25, 5, 16, 15, 3, 2, 7, 5, 22, 22, 25, 5, 11, 11, 8, 9, 20, 28, 10, 3, 0, 0, 0, 0, 0, 0, 0, 0, 0, 0, 0, 0, 0, 0]"
RPHERNGFTVL_CASSPRGEGYEQYF,RPHERNGFTVL,,Cytomegalovirus (CMV),Human,CASSPRGEGYEQYF,HLA-B*07:02,McPAS,1,"[2, 21, 19, 12, 9, 21, 17, 11, 10, 23, 25, 15, 3, 2, 7, 5, 22, 22, 19, 21, 11, 9, 11, 28, 9, 20, 28, 10, 3, 0, 0, 0, 0, 0, 0, 0, 0, 0, 0, 0]"
LPRRSGAAGA_CASTPGTSGSYEQYF,LPRRSGAAGA,,Influenza,Human,CASTPGTSGSYEQYF,HLA-B7,McPAS,1,"[2, 15, 19, 21, 21, 22, 11, 5, 5, 11, 5, 3, 2, 7, 5, 22, 23, 19, 11, 23, 22, 11, 22, 28, 9, 20, 28, 10, 3, 0, 0, 0, 0, 0, 0, 0, 0, 0, 0, 0]"
VTEHDTLLY_CSARPRLAPFSYEQYF,VTEHDTLLY,,Cytomegalovirus (CMV),Human,CSARPRLAPFSYEQYF,HLA-A1,Control,0,"[2, 25, 23, 9, 12, 8, 23, 15, 15, 28, 3, 2, 7, 22, 5, 21, 19, 21, 15, 5, 19, 10, 22, 28, 9, 20, 28, 10, 3, 0, 0, 0, 0, 0, 0, 0, 0, 0, 0, 0]"
SFHSLHLLF_CASSLETPGQGLVAYEQYF,SFHSLHLLF,,HTLV-1,Human,CASSLETPGQGLVAYEQYF,HLA-A*24:02,Control,0,"[2, 22, 10, 12, 22, 15, 12, 15, 15, 10, 3, 2, 7, 5, 22, 22, 15, 9, 23, 19, 11, 20, 11, 15, 25, 5, 28, 9, 20, 28, 10, 3, 0, 0, 0, 0, 0, 0, 0, 0]"
GLCTLVAML_CASSEGRVSPGELF,GLCTLVAML,,Epstein Barr virus (EBV),Human,CASSEGRVSPGELF,HLA-A*02:01,McPAS,1,"[2, 11, 15, 7, 23, 15, 25, 5, 16, 15, 3, 2, 7, 5, 22, 22, 9, 11, 21, 25, 22, 19, 11, 9, 15, 10, 3, 0, 0, 0, 0, 0, 0, 0, 0, 0, 0, 0, 0, 0]"
EIYKRWII_CASSRGSNQPQHF,EIYKRWII,,Human immunodeficiency virus (HIV),Human,CASSRGSNQPQHF,HLA-B*08,Control,0,"[2, 9, 13, 28, 14, 21, 26, 13, 13, 3, 2, 7, 5, 22, 22, 21, 11, 22, 17, 20, 19, 20, 12, 10, 3, 0, 0, 0, 0, 0, 0, 0, 0, 0, 0, 0, 0, 0, 0, 0]"
CRVLCCYVL_CAIGQPSGANVLTF,CRVLCCYVL,,Cytomegalovirus (CMV),Human,CAIGQPSGANVLTF,HLA-C*07:02,Control,0,"[2, 7, 21, 25, 15, 7, 7, 28, 25, 15, 3, 2, 7, 5, 13, 11, 20, 19, 22, 11, 5, 17, 25, 15, 23, 10, 3, 0, 0, 0, 0, 0, 0, 0, 0, 0, 0, 0, 0, 0]"
NLVPMVATV_CASSQGRVGLSEAFF,NLVPMVATV,,Cytomegalovirus (CMV),Human,CASSQGRVGLSEAFF,HLA-A2,Control,0,"[2, 17, 15, 25, 19, 16, 25, 5, 23, 25, 3, 2, 7, 5, 22, 22, 20, 11, 21, 25, 11, 15, 22, 9, 5, 10, 10, 3, 0, 0, 0, 0, 0, 0, 0, 0, 0, 0, 0, 0]"
GILGFVFTL_CASSQVEAFYEQYF,GILGFVFTL,M1,IAV,human,CASSQVEAFYEQYF,HLA-A*02:01,Dash,1,"[2, 11, 13, 15, 11, 10, 25, 10, 23, 15, 3, 2, 7, 5, 22, 22, 20, 25, 9, 5, 10, 28, 9, 20, 28, 10, 3, 0, 0, 0, 0, 0, 0, 0, 0, 0, 0, 0, 0, 0]"
ATDALMTGY_CASSPSGQLDEQF,ATDALMTGY,,Hepatitis C virus,Human,CASSPSGQLDEQF,HLA-A*01:01,McPAS,1,"[2, 5, 23, 8, 5, 15, 16, 23, 11, 28, 3, 2, 7, 5, 22, 22, 19, 22, 11, 20, 15, 8, 9, 20, 10, 3, 0, 0, 0, 0, 0, 0, 0, 0, 0, 0, 0, 0, 0, 0]"
LSLRNPILV_CASSLLGASAETLYF,LSLRNPILV,PB1,InfluenzaA,MusMusculus,CASSLLGASAETLYF,H-2Db,VDJdb,1,"[2, 15, 22, 15, 21, 17, 19, 13, 15, 25, 3, 2, 7, 5, 22, 22, 15, 15, 11, 5, 22, 5, 9, 23, 15, 28, 10, 3, 0, 0, 0, 0, 0, 0, 0, 0, 0, 0, 0, 0]"
GILGFVFTL_CASSIKGGETQYF,GILGFVFTL,,Influenza,Human,CASSIKGGETQYF,HLA-A2,Control,0,"[2, 11, 13, 15, 11, 10, 25, 10, 23, 15, 3, 2, 7, 5, 22, 22, 13, 14, 11, 11, 9, 23, 20, 28, 10, 3, 0, 0, 0, 0, 0, 0, 0, 0, 0, 0, 0, 0, 0, 0]"
ASNENMETM_CSASWASGRANEQFF,ASNENMETM,NP,IAV,mouse,CSASWASGRANEQFF,H2-Db,Control,0,"[2, 5, 22, 17, 9, 17, 16, 9, 23, 16, 3, 2, 7, 22, 5, 22, 26, 5, 22, 11, 21, 5, 17, 9, 20, 10, 10, 3, 0, 0, 0, 0, 0, 0, 0, 0, 0, 0, 0, 0]"
GILGFVFTL_CASSLTGTVYEQYF,GILGFVFTL,M,InfluenzaA,HomoSapiens,CASSLTGTVYEQYF,HLA-A*02:01,VDJdb,1,"[2, 11, 13, 15, 11, 10, 25, 10, 23, 15, 3, 2, 7, 5, 22, 22, 15, 23, 11, 23, 25, 28, 9, 20, 28, 10, 3, 0, 0, 0, 0, 0, 0, 0, 0, 0, 0, 0, 0, 0]"
EAAGIGILTV_CASSLEDRAGNEQFF,EAAGIGILTV,,Melanoma,Human,CASSLEDRAGNEQFF,HLA-A*02:01,Control,0,"[2, 9, 5, 5, 11, 13, 11, 13, 15, 23, 25, 3, 2, 7, 5, 22, 22, 15, 9, 8, 21, 5, 11, 17, 9, 20, 10, 10, 3, 0, 0, 0, 0, 0, 0, 0, 0, 0, 0, 0]"
GILGFVFTL_CASTLAGVGYEQFF,GILGFVFTL,M,InfluenzaA,HomoSapiens,CASTLAGVGYEQFF,HLA-A*02:01,VDJdb,1,"[2, 11, 13, 15, 11, 10, 25, 10, 23, 15, 3, 2, 7, 5, 22, 23, 15, 5, 11, 25, 11, 28, 9, 20, 10, 10, 3, 0, 0, 0, 0, 0, 0, 0, 0, 0, 0, 0, 0, 0]"
FRCPRRFCF_CASSPEQGAGEKLFF,FRCPRRFCF,,Cytomegalovirus (CMV),Human,CASSPEQGAGEKLFF,HLA-C*07:02,McPAS,1,"[2, 10, 21, 7, 19, 21, 21, 10, 7, 10, 3, 2, 7, 5, 22, 22, 19, 9, 20, 11, 5, 11, 9, 14, 15, 10, 10, 3, 0, 0, 0, 0, 0, 0, 0, 0, 0, 0, 0, 0]"
LLWNGPMAV_CASSYSRGEQFF,LLWNGPMAV,,Yellow fever virus,Human,CASSYSRGEQFF,HLA-A*02:01,Control,0,"[2, 15, 15, 26, 17, 11, 19, 16, 5, 25, 3, 2, 7, 5, 22, 22, 28, 22, 21, 11, 9, 20, 10, 10, 3, 0, 0, 0, 0, 0, 0, 0, 0, 0, 0, 0, 0, 0, 0, 0]"
GLCTLVAML_CSARTGVGNTIYF,GLCTLVAML,BMLF1,EBV,HomoSapiens,CSARTGVGNTIYF,HLA-A*02:01,VDJdb,1,"[2, 11, 15, 7, 23, 15, 25, 5, 16, 15, 3, 2, 7, 22, 5, 21, 23, 11, 25, 11, 17, 23, 13, 28, 10, 3, 0, 0, 0, 0, 0, 0, 0, 0, 0, 0, 0, 0, 0, 0]"
LPRRSGAAGA_CSARDSRKSGISYNEQFF,LPRRSGAAGA,,Influenza,Human,CSARDSRKSGISYNEQFF,HLA-B7,Control,0,"[2, 15, 19, 21, 21, 22, 11, 5, 5, 11, 5, 3, 2, 7, 22, 5, 21, 8, 22, 21, 14, 22, 11, 13, 22, 28, 17, 9, 20, 10, 10, 3, 0, 0, 0, 0, 0, 0, 0, 0]"
RAKFKQLL_CASSTPTSGVNTGELFF,RAKFKQLL,BZLF1,EBV,HomoSapiens,CASSTPTSGVNTGELFF,HLA-B*08:01,VDJdb,1,"[2, 21, 5, 14, 10, 14, 20, 15, 15, 3, 2, 7, 5, 22, 22, 23, 19, 23, 22, 11, 25, 17, 23, 11, 9, 15, 10, 10, 3, 0, 0, 0, 0, 0, 0, 0, 0, 0, 0, 0]"
HSKKKCDEL_CAISEVQETQYF,HSKKKCDEL,NS3,HCV,HomoSapiens,CAISEVQETQYF,HLA-B*08:01,VDJdb,1,"[2, 12, 22, 14, 14, 14, 7, 8, 9, 15, 3, 2, 7, 5, 13, 22, 9, 25, 20, 9, 23, 20, 28, 10, 3, 0, 0, 0, 0, 0, 0, 0, 0, 0, 0, 0, 0, 0, 0, 0]"
GLCTLVAML_CASSLLVGELFF,GLCTLVAML,,Epstein Barr virus (EBV),Human,CASSLLVGELFF,HLA-A2,Control,0,"[2, 11, 15, 7, 23, 15, 25, 5, 16, 15, 3, 2, 7, 5, 22, 22, 15, 15, 25, 11, 9, 15, 10, 10, 3, 0, 0, 0, 0, 0, 0, 0, 0, 0, 0, 0, 0, 0, 0, 0]"
LPRRSGAAGA_CASSSGTGELFF,LPRRSGAAGA,,Influenza,Human,CASSSGTGELFF,HLA-B7,Control,0,"[2, 15, 19, 21, 21, 22, 11, 5, 5, 11, 5, 3, 2, 7, 5, 22, 22, 22, 11, 23, 11, 9, 15, 10, 10, 3, 0, 0, 0, 0, 0, 0, 0, 0, 0, 0, 0, 0, 0, 0]"
GLCTLVAML_CASSLSPDMSQYF,GLCTLVAML,,Epstein Barr virus (EBV),Human,CASSLSPDMSQYF,HLA-A2,Control,0,"[2, 11, 15, 7, 23, 15, 25, 5, 16, 15, 3, 2, 7, 5, 22, 22, 15, 22, 19, 8, 16, 22, 20, 28, 10, 3, 0, 0, 0, 0, 0, 0, 0, 0, 0, 0, 0, 0, 0, 0]"
ATDALMTGY_CASSSAAGGPIDEQFF,ATDALMTGY,NS3,HCV,HomoSapiens,CASSSAAGGPIDEQFF,HLA-A*01:01,Control,0,"[2, 5, 23, 8, 5, 15, 16, 23, 11, 28, 3, 2, 7, 5, 22, 22, 22, 5, 5, 11, 11, 19, 13, 8, 9, 20, 10, 10, 3, 0, 0, 0, 0, 0, 0, 0, 0, 0, 0, 0]"
GILGFVFTL_CASSQESGTATEAFF,GILGFVFTL,,Influenza,Human,CASSQESGTATEAFF,HLA-A2,McPAS,1,"[2, 11, 13, 15, 11, 10, 25, 10, 23, 15, 3, 2, 7, 5, 22, 22, 20, 9, 22, 11, 23, 5, 23, 9, 5, 10, 10, 3, 0, 0, 0, 0, 0, 0, 0, 0, 0, 0, 0, 0]"
SSYRRPVGI_CASSGGLGSSAETLYF,SSYRRPVGI,PB1,IAV,mouse,CASSGGLGSSAETLYF,H2-Kb,Dash,1,"[2, 22, 22, 28, 21, 21, 19, 25, 11, 13, 3, 2, 7, 5, 22, 22, 11, 11, 15, 11, 22, 22, 5, 9, 23, 15, 28, 10, 3, 0, 0, 0, 0, 0, 0, 0, 0, 0, 0, 0]"
LLWNGPMAV_CASSSRTGDTQYF,LLWNGPMAV,,Yellow fever virus,Human,CASSSRTGDTQYF,HLA-A*02:01,McPAS,1,"[2, 15, 15, 26, 17, 11, 19, 16, 5, 25, 3, 2, 7, 5, 22, 22, 22, 21, 23, 11, 8, 23, 20, 28, 10, 3, 0, 0, 0, 0, 0, 0, 0, 0, 0, 0, 0, 0, 0, 0]"
TPRVTGGGAM_CASSLPTSGAKFSTDTQYF,TPRVTGGGAM,,Cytomegalovirus (CMV),Human,CASSLPTSGAKFSTDTQYF,HLA-B*07:02,McPAS,1,"[2, 23, 19, 21, 25, 23, 11, 11, 11, 5, 16, 3, 2, 7, 5, 22, 22, 15, 19, 23, 22, 11, 5, 14, 10, 22, 23, 8, 23, 20, 28, 10, 3, 0, 0, 0, 0, 0, 0, 0]"
KAFSPEVIPMF_CAASTSAVLGKKGSQETQYF,KAFSPEVIPMF,,Human immunodeficiency virus (HIV),Human,CAASTSAVLGKKGSQETQYF,HLA-B*57:01,McPAS,1,"[2, 14, 5, 10, 22, 19, 9, 25, 13, 19, 16, 10, 3, 2, 7, 5, 5, 22, 23, 22, 5, 25, 15, 11, 14, 14, 11, 22, 20, 9, 23, 20, 28, 10, 3, 0, 0, 0, 0, 0]"
SSYRRPVGI_CSYGTTSAETLYF,SSYRRPVGI,PB1,IAV,mouse,CSYGTTSAETLYF,H2-Kb,Dash,1,"[2, 22, 22, 28, 21, 21, 19, 25, 11, 13, 3, 2, 7, 22, 28, 11, 23, 23, 22, 5, 9, 23, 15, 28, 10, 3, 0, 0, 0, 0, 0, 0, 0, 0, 0, 0, 0, 0, 0, 0]"
GLCTLVAML_CASSVSLAGASTDTQYF,GLCTLVAML,,Epstein Barr virus (EBV),Human,CASSVSLAGASTDTQYF,HLA-A2,Control,0,"[2, 11, 15, 7, 23, 15, 25, 5, 16, 15, 3, 2, 7, 5, 22, 22, 25, 22, 15, 5, 11, 5, 22, 23, 8, 23, 20, 28, 10, 3, 0, 0, 0, 0, 0, 0, 0, 0, 0, 0]"
